x,pi,i,demand,cost_push,monetary
0.2716785126022958,-0.39034613226241444,-0.35219815717134806,0.12849675691432233,-0.23831464193143623,0.058786651913045884
0.5865653380262865,-0.18725602926837578,-0.317755418595842,-0.14655501282234168,-0.18934666470985448,-0.05315424443166708
1.2901309573444655,-0.17068524156078044,-0.3399057837263831,0.04472220256575219,-0.3416518220764959,-0.049225103659476174
1.8413052410958157,0.16004725325323071,-0.13203575540911155,0.09060105718239128,-0.22692524327511865,-0.06937021376594782
1.3217111166559783,0.07152621016185662,-0.05744224212557467,-0.30649967550324175,-0.1250099580008055,-0.048333202090515844
-0.022277538664666665,-0.22950256810033784,-0.1764614807590837,-0.7773545547729079,0.012521279930099292,-0.052785387836934164
-0.47562708120895625,-0.07442362657130948,-0.2639467613077254,-0.513139682221726,0.14314659339196437,-0.087985072925424
-0.5016766755198652,-0.2184598774065925,-0.39879525772985736,-0.39692012692704154,-0.022097118374364316,-0.07744412515006983
-0.66738554998473,-0.36585457218622297,-0.5260642513967068,-0.5232810749973844,-0.06361094405378039,-0.024096723736983645
-0.0925014201345071,-0.08556868554250843,-0.5521018078730281,-0.32527000258351657,0.007843793933499167,-0.1071326423606823
-0.009203140600937305,0.3097891691566874,-0.24967561734168364,-0.27237005888395405,0.1830194411433798,0.05109875271528143
-0.45908160294077505,0.05500035334163229,-0.1853571104990712,-0.3792204490686776,0.08132316977140433,0.010102067386165064
-0.6703362752207469,-0.34289840708807734,-0.25939155654607776,-0.23541412474108409,-0.0508252393010893,0.06970143645850571
-0.06202735783369005,-0.40812328879395027,-0.299830202323645,0.1112352519277285,-0.1953769615194395,0.07826874664284207
-0.25451875284326425,-0.4707624222748733,-0.2125045197467153,-0.15928717694469266,-0.09262000656964035,0.2065237423590212
0.16525707008067028,0.13054533269227184,-0.17985391220480443,-0.04863674365570524,0.06730688843413289,-0.046032932589567185
0.44180680821197305,0.16447428615334891,-0.03308290104662145,0.07942605871350437,-0.04016163974847379,-0.01985457104497079
0.33142321278280545,-0.10385662053110806,-0.024513630309553877,0.015255078625832273,-0.14687312808669695,0.05184268845017517
0.3750507145833281,0.24537863494940093,0.09517938301546278,0.06597739037943584,0.09727330140122155,-0.02729667720778648
0.19706898748857016,0.1415583867147139,0.06952186684413558,-0.02114708357142136,0.00833231989136806,-0.04087798875023096
0.29896410160581277,0.3276365707090598,0.2833999578532311,0.2374098727223419,0.11720954819774097,0.004074161656307409
0.11823692061605644,0.3188689269621941,0.39345590776422945,0.25412748381743555,0.09058375766763783,0.06882302984679668
0.28212866518067503,0.5595632157963771,0.5249215271673521,0.4541231203768168,0.1908549466251334,-0.011904466809157504
-0.1669427280706741,0.3414516570162909,0.5824905451829713,0.3078759692570404,0.188191119156901,0.05008165752569237
-0.9849526601025396,-0.008968805793070002,0.5514102927245378,0.24958814867743778,0.164627199070285,0.19137286089323874
-1.3364063282195404,-0.41779264307592257,0.329488956813678,0.257676872950388,0.041037151491788965,0.14265420557669986
-0.9374011273741677,-0.5333956301142587,0.05573429527384473,0.4189188870734857,-0.09490451536193445,0.09844246037964086
0.20580013100348546,-0.10262515261432137,0.15741003233203382,0.7196626219402659,-0.08966907423793818,0.12011828987120987
0.8242332454077017,0.26891460774584336,0.22070895533918228,0.4515623003888101,-0.01190698543749448,-0.07015614035883774
0.7942979713889565,0.18854599641366204,0.24717371555783896,0.29970668889936725,-0.08429232457543517,0.025703465492817927
0.6242976262418081,0.08495695706203153,0.36053921562790614,0.2451919481503391,-0.04378434117103181,0.053163252344343694
0.2448534327462642,-0.05200119173880253,0.3031693717351116,0.16318727969913527,-0.051279678959813974,0.011109175022479928
1.0854048433772387,0.3367571399557358,0.17441525337677424,0.415628961715212,-0.09327724779288618,-0.23761821231847588
1.3873557927695965,0.4170023603152886,0.3791500034490785,0.4407740388389793,-0.06535782425355821,-0.02539694343559961
1.2326916127401522,0.6949837766125723,0.576904751786426,0.3235284333220334,0.11285204206334276,-0.09896246567826433
0.2510877067961021,0.4584399120388016,0.6218718216819987,0.0879514157215948,0.2010504991485929,0.0026351490171096672
-0.22311694640559782,0.02425399163663141,0.3608182948224507,0.0926126126550752,0.008333338224972278,-0.10602555900964958
-0.5002701449863612,-0.32254545603648876,0.06230315899524193,0.03483774728961282,-0.05931615048571632,-0.044337354898004264
-0.4962154274298653,-0.3066892029153738,-0.009524944482588803,0.025179253479801884,-0.047777985137692956,0.06658851752520008
-0.9803434998891971,-0.534115027041538,-0.2536175341981546,-0.35765073427310956,-0.01633570684826806,0.06647213401487405
-0.10411415651070777,0.17974349237599804,-0.10722197397075937,0.2379992269090114,0.14861870370663324,0.027728698652297164
0.1032065602428034,0.22271074721017453,-0.01975444133921802,0.019422378424513935,0.07281155122405696,-0.04753799386453725
0.29613745086893795,0.4970659671453296,0.31648608961653696,0.29079073015806745,0.16578971089099195,0.07898058668193642
-0.034421719547286324,0.07020512194799766,0.34243205849280867,0.23599164558141356,-0.021667451814119876,0.09167468708376997
-0.5336727274131163,-0.5963716043179222,0.01048149797062398,-0.0919173584956336,-0.19381175294873207,0.04542275758867957
0.07779648160712346,-0.5193517481115205,-0.26243112385817524,0.17003408632495684,-0.288079590433833,-0.004807485874143107
0.26726073125388095,-0.19214419753483386,-0.21730488694424854,-0.11784508463460261,-0.02484074493523349,0.0012924092131815518
0.46309810701937987,0.13155076939168447,-0.10269214708796001,-0.02123245351560725,-0.0042600379769233854,0.01592824143529021
0.006639765705948788,0.05043438557408127,0.09180217648173601,-0.09944161839441466,0.04842896823482092,0.12229356569082053
-0.23158410605307136,0.0008106950157179636,0.088145281943718,-0.039339062129423216,0.058038041689209355,0.018359454099610886
-0.5578203861519395,-0.09349049629309407,-0.012230340274588004,-0.16229085685346342,0.08512648477154396,0.014865777784238934
-0.7572791135172715,-0.3111161382486026,-0.24599504206318268,-0.2619126336045984,-0.04777851369515617,-0.029965241450785305
-0.4530877824339206,-0.435655982057516,-0.3461639449934437,-0.10711015071528468,-0.15337477337861377,0.028171844575685494
-0.3658251939307029,-0.7739684856898466,-0.588952561913814,-0.32985302257607296,-0.29899868573145555,0.03172038242645336
0.44344815674915017,0.008975141875167639,-0.44623191226613235,-0.03916702887252091,-0.03508758342492507,0.015424631305806564
0.7449497421861889,-0.2420013841059479,-0.4728540858592151,-0.29081745379521884,-0.2911484060687029,-0.1114250119895846
0.7555360371807746,0.02695648873770343,-0.31710687378842717,-0.32576442246110254,-0.01815865266821709,-0.02297718430101818
0.48813894639805994,0.17691247654414324,-0.232272453877772,-0.45396998216590057,0.050060150319271315,-0.14226701478766612
0.8702068600980291,0.679342012042835,-0.016571726844789622,0.021437811850357986,0.1404671719684902,-0.11776671955638322
1.1152663130278146,0.8487630305441248,0.26262548883738357,0.185060315744873,0.1256840056194829,-0.1652264781162677
0.8832779351243526,0.5980733940038745,0.4815967383377936,0.2453923442830972,0.06144197529699719,-0.05604334714636776
-0.27052329883497933,0.05600897771025798,0.42709584958875674,-0.07529267258159518,0.0992856397779516,0.048070926381939216
-1.1118718458193844,-0.9808264133669259,-0.009452949453883142,-0.14120983641761697,-0.27098052519073434,0.13233152997673459
-0.48699935409589445,-1.0046423809964609,-0.6164094397658484,-0.09571076370925415,-0.36699477062561253,-0.10363623597669024
0.5479022474982002,-0.5552822401458472,-0.7046938652066137,-0.06809157056033394,-0.3228266322782051,-0.04744744440193859
1.9749551983429317,0.6438253389150259,-0.25023709261242444,0.24320015704382159,-0.004881082548045595,-0.12772712644507034
2.0221058377931356,0.9954941558128059,0.4234467889740353,0.21087126219642452,0.11647932577526493,0.02436378533600219
1.496066653471735,0.36482188473279975,0.6036984850056939,0.3828919711643163,-0.15755130236404624,0.07925674390482797
0.9494830268662182,0.11869902276550603,0.7053499154078069,0.4845694907867906,-0.06392480318324491,0.12277946399015867
0.849765609808043,0.3271231258532275,0.6410821058752887,0.5479911084525948,0.05002069373075545,-0.04427722795836644
0.03599800002638316,-0.06879098466804764,0.5482674470474717,0.2625860606782075,-0.018439478073123558,0.11707694154514785
-0.2838842794409072,0.1991104111158471,0.5064359732292044,0.3162850472602628,0.20848995635553463,0.005605265028122683
-0.6454333704886316,-0.23094530890381826,0.3779103391712619,0.31172072498032855,-0.021674369844907615,0.10806917671267073
-0.695473932370511,-0.07767124125904343,0.1953348388586325,0.1545003171281389,0.13412306908546373,0.003346689484316545
0.07498015546138638,0.43992932930984785,0.4070060923254572,0.6459155521968378,0.14682336322640904,0.05554505000875584
-0.3580961963161405,0.4764601103494876,0.5898148817540638,0.33584271101836516,0.29669193053780135,0.12264606023258322
-0.9645304457763029,-0.5043822624924731,0.374931800783554,0.31967356045531853,-0.14646808437789227,0.226490834881049
-1.0699032115818234,-0.607646762898242,0.08565067928823049,0.21371324691003987,-0.03994682189552732,0.1084046484737067
-0.24831521554149827,-0.29590759242921916,-0.1257098961303702,0.3370871749403802,-0.10724461557417099,-0.05106707038741358
0.6154203657480309,-0.1190478571994454,0.039576643518867395,0.4881418378590956,-0.15708959363248176,0.08340241873065284
1.0956424721764932,0.37604714551563284,0.255394859761845,0.42456148736910226,0.00012537641102221796,0.018484393592301664
1.119485772341646,0.1502812427299215,0.448527985934595,0.5020168680210434,-0.13072717070046894,0.12683547013311958
0.6488104137541028,0.09020121588893187,0.46163111353587366,0.1888326492361665,-0.01334800988473068,0.001748356728913717
0.8642092726556797,0.033538094898681085,0.32822831143249187,0.4275505636309611,-0.17374415776425375,-0.09411441867278207
1.298206596227787,-0.1592116655080434,0.13700960438133325,0.36503756533226567,-0.3606231337355841,-0.11197407905288341
1.4492840104399085,-0.13381513333733958,0.04305549992751144,0.1453568713575935,-0.3080447968497783,-0.08741533563769056
1.7285474857572865,0.041469257161610054,0.1702632938570976,0.2788811464881162,-0.2625510010217599,0.0043836028760973825
2.0540679265460944,0.16072787412033712,0.17729675411636564,0.306321244963405,-0.2813709816082774,-0.09220521839998572
2.131291661061064,0.4676832363286258,0.4734535468371987,0.4029254134536403,-0.10450658822950658,-0.018064667503901906
1.7916843660676147,0.8538988779668286,0.7940275210823579,0.4523550784527944,0.16677955358140997,-0.019357227262439217
1.2658242849820793,0.5079434015591086,0.8330001348547504,0.49742829175869324,-0.03860716411984636,-0.052183598572827644
0.8534475950861022,0.15917062637415055,0.7212552193803995,0.4971402176036396,-0.08576348810823578,0.002875830195759278
1.113952622124908,0.3111175786832059,0.6808246226864555,0.7297717766787453,-0.05223911395874152,-0.056182284492888784
1.0486717052883698,0.19936359889030983,0.6748653543883654,0.6408167768074549,-0.11129735844806113,0.009498072209171506
1.055520993016683,0.5169812447577606,0.7126300443982468,0.5848562294581073,0.0591784725140773,-0.08179906942827196
0.656116745883538,0.005981995797632908,0.5918647715031943,0.5034828159695307,-0.15017756433329613,0.05629459019820146
0.28753297396914185,-0.1734517659104765,0.5336174357470751,0.42449771550443605,-0.09284545976093402,0.11285031932334731
0.19201355524091723,-0.17528121189854914,0.3867681605665501,0.43438082409097306,-0.07340444582909933,0.09891211962372083
0.11936866634291769,-0.007945157501056756,0.4226528092508189,0.43466983598064635,0.0600220507836021,0.10693727255324927
-0.17924197198913563,-0.3364667402547556,0.16526666664626066,0.10245596091098085,-0.1238395803058839,-0.03067118357690897
-0.06670993810744026,-0.1673802175184803,-0.1403613116881069,-0.1345295426318254,-0.05275185598041384,-0.19883706894273168
0.1296509148775542,-0.1901850857490378,-0.3279080419775947,-0.22833777236928346,-0.1332431697227872,-0.12529863226884702
0.36097947334169617,0.3228753247855454,-0.13965400382940282,-0.12145853759378805,0.13508501679978838,-0.05660535165363915
0.18851725262714245,0.34122835998083406,0.05022234323056826,-0.09352407377403185,0.11710853834047605,-0.016806010197444866
-0.191413254962149,0.10429799487489175,0.21141568380921877,0.07307819270442992,0.06570323609934385,0.1368231341927928
-0.2742155099717112,0.17103127050791717,0.2811395160024621,0.23550465326970002,0.12039111779474033,0.0801316744807096
0.09117558205025723,0.40121383195437577,0.5338287766902502,0.6482559763948683,0.1464786233404037,0.1182967740337376
0.18697981236521416,0.1989560730394847,0.5828380848439616,0.6787192044385137,0.02663865405463786,0.10132343384636454
-0.5413328522244658,-0.21486651295300674,0.42798523841048447,0.18433488722151364,0.025088886461519168,0.11889985020329097
-1.2001868620318215,-0.11896350567228925,0.4425263013555689,0.186203321758505,0.21675570303073183,0.2526512288707379
-1.7452058105820476,-0.7988076086165274,-0.033988318346866345,-0.11374928861801407,-0.09431500614685662,0.07623447552647045
-1.4626818137126567,-1.0093547984700764,-0.511620313779643,-0.14666790452866663,-0.2172469254417061,0.06309511731768871
-0.41870942098007546,-0.6037154411084894,-0.6696980813592045,-0.05521543117414133,-0.20909036502984005,-0.005038694546050219
0.07430968940959633,0.2640516135754152,-0.20065900526030997,-0.028199679745589325,0.20966572644962408,0.17065187076128635
0.3799111586889251,0.6735479526979999,0.2855160248023326,0.31779396757387995,0.2593298232883957,0.15079678280713255
0.14871189974686,0.4473296559437234,0.43009111192817956,0.248724824322114,0.10217087836425426,0.005847618825778051
-0.28233873388023084,0.07830386204764873,0.33493861922547474,0.13408938684360788,0.07380623763838068,0.0037409270200916946
-0.13633094906087312,0.12388708208067742,0.2529581098951853,0.3037049757395446,0.03567554301835828,-0.033828555279286035
0.18738242592715065,0.168494243763206,0.28520257837964913,0.3865758734128238,-0.01776344244816328,-0.02241755009020789
0.0665599685743132,-0.003965667326581601,0.14286413671900391,0.050561567711777916,-0.01771176682975741,-0.10011586675220283
0.17697947822090754,0.18580648662082955,0.16696368474418835,0.1609394505471186,0.059653619098358854,-0.047080348991300605
-0.4107846326716803,0.10344963353266626,0.1595855233708664,-0.11789743145038865,0.1628883452218218,0.021884354369146368
-0.6333578320910586,0.1818707811390375,0.1425301557960921,-0.030747732379499276,0.20595412607998465,-0.044236903043888054
-0.7371136953849221,0.11713361646728357,0.03850789519530129,-0.027057731284105817,0.1110963658230055,-0.04711194599311359
-1.0451153017882364,-0.10273326404325454,-0.005454657631417663,-0.1657851674229261,0.13038617175178516,0.039767067077077
-1.1766385824335133,-0.2856826353672094,-0.07924935218726192,-0.018403739569618216,0.026127692579490065,0.1806661526139234
-1.7065570114999462,-0.6543775840092821,-0.3222788491109032,-0.44668935050177555,0.03840933159000909,0.09102054736863799
-1.6148305888569103,-0.9091457719610064,-0.6520408638172269,-0.380346307317687,-0.13403925562133048,0.060378276207937565
-0.3581500870307917,0.0916701930879529,-0.551468726653386,-0.09013664794338963,0.13093651603951667,-0.07974738254236782
0.3786225832358573,0.5519383859206732,-0.32661562080810913,-0.07922430510402774,0.11440634243642299,-0.11958581848419313
1.180405250711149,0.8600408897894715,0.2578241620396715,0.4047303393474028,0.11629671707292141,0.03315155695694202
0.8676296570661218,0.5772934856344878,0.5278936292799246,0.28444918046403955,0.0647025853265821,0.03550504846299541
-0.007017692554907052,-0.08338135596879312,0.47921010652930485,0.12922249625325508,-0.042657228277814846,0.11419136679541815
-0.28180256119190744,0.03340534031115132,0.39410856177510706,0.2881799999515498,0.08646758183217503,0.0615265015223039
-0.3001797065998862,-0.2901988160191771,0.16293360462670675,0.23856183035242806,-0.11735247868953734,0.027534580296906655
0.20715709334408203,-0.134283795523264,0.10966867526471395,0.46240936284196793,-0.13520695725068163,0.08442716891157029
0.5953427737602142,-0.12026251997498762,0.15832271923300248,0.38764605782387634,-0.15291423413745217,0.05776275843506021
1.1967275862114763,0.44535121383915,0.3518782756461821,0.5262819652859864,-0.012634911810910147,-0.0459458320713225
1.0410403334318545,0.3446904979794067,0.39890439659081833,0.24884143643871642,-0.045751174168798994,-0.06703966293003388
0.8486373781087315,0.07791822094429156,0.4344988670778748,0.34027838545025096,-0.10859379198223756,0.027789695617419487
0.44623064700066045,-0.17541623356725972,0.3019312604312485,0.12629171485614352,-0.13702323259845617,0.003079060324676813
0.17283451798545846,-0.20695890583533563,0.20255095513082408,0.13091296014112475,-0.06760378352330856,0.05501170751579229
0.025147900064476227,-0.4116538884390351,-0.014872083726918119,-0.005844958931078809,-0.17643385403786208,-0.025945512432648095
0.17738034299511624,-0.33287482113439,-0.24370151078012753,-0.1267300800989355,-0.18663189203736952,-0.08069190189730807
0.6256097839569009,-0.25333139475650235,-0.23618329725672238,0.008218998688829842,-0.22828798457645091,-0.03501401014187384
0.392174704963192,-0.25993588766473036,-0.35032002846921184,-0.4841703664842377,-0.1558667287419924,-0.10511666627336948
0.1352500227941456,-0.12203687467254795,-0.27290438405160367,-0.3849797772809465,-0.0013073535026374063,0.046547019832527986
-0.040266757483603366,-0.11193693941333843,-0.2385619894181506,-0.3005697525637088,-0.012472582240495342,0.036911216903934785
-0.5148651812458002,-0.14417888762960682,-0.15161676452380898,-0.35302356779095073,0.09226227208145968,0.10541735620128087
-0.21673980812514143,-0.09192686096482787,-0.33327558517307526,-0.22143759401755417,-0.03675324144021219,-0.140884052258534
0.46732369936189233,0.23199117304463082,-0.20263413502024782,0.0013330790580528482,-0.006391315104488705,-0.09502475140879024
0.6761473933518488,0.11493878377623437,-0.09500824526362905,-0.0196164244894008,-0.09682487544027957,-0.003284382051254979
0.7420394898687304,-0.017816869867196522,0.03707183957749301,0.18355339137805224,-0.15374419308284457,0.08735572838078463
0.09053071425523194,-0.3516731724833345,-0.12341932464463115,-0.32831107363856515,-0.12205075417148643,-0.010788723601819622
-0.09213767645857376,-0.2049503312732149,-0.2709092143014236,-0.307088231078058,-0.015221440189976041,-0.09833158956517865
-0.10500108083876807,0.039492423337677614,-0.23337509906758225,-0.27189244985050287,0.081001000302548,-0.06949026226308658
-0.18923075383890342,0.3479941915100196,-0.008112578470145532,-0.08601954678457893,0.24277606453571965,0.052785772966539364
-0.7946056476990172,-0.08781817664629465,0.06922197598926155,-0.18631615888480482,0.09577139739916823,0.1163281024519819
-1.3180982320688532,0.37168104986773703,0.2955974965412996,-0.10168330390138892,0.49614252986964585,0.1438048607313586
-1.6264173473929615,0.13931651640139758,0.25107659236560353,0.09430106837279395,0.29106918138853294,0.09711713994600221
