sig_d,sig_s,sig_m,beta,sigma,kappa,phi_pi,phi_x,log_posterior
2.884909659926752,2.134485062547963,2.027699277888845,0.9936578670330063,2.2080821167364437,0.18463016216662081,1.0500642837871994,0.2335316423645692,-591.1922069437776
3.0206907881062417,2.1993033561603195,2.0674696953916407,0.9959692025551321,2.4559285000492053,0.18707207910459892,1.0087966088481912,0.2421936136255903,-589.8886602787323
3.342426923727023,2.338053176665386,2.144538967750863,0.9924570397458673,2.3354448192210335,0.20634443800359756,1.055249564754295,0.28278889138022684,-589.9100557054905
3.437986870657661,2.2848275616291174,2.180439436394805,0.9906649715392193,2.0991180107981404,0.2132493251109393,1.0391885783332728,0.2963182244826546,-590.130801765388
3.437986870657661,2.2848275616291174,2.180439436394805,0.9906649715392193,2.0991180107981404,0.2132493251109393,1.0391885783332728,0.2963182244826546,-590.130801765388
3.437986870657661,2.2848275616291174,2.180439436394805,0.9906649715392193,2.0991180107981404,0.2132493251109393,1.0391885783332728,0.2963182244826546,-590.130801765388
2.9986589925510048,2.233494455164886,2.1133516914875012,0.9900007174736002,2.430133759337453,0.26181385075534863,1.019534369313411,0.2624353080672738,-589.1780002538493
2.9986589925510048,2.233494455164886,2.1133516914875012,0.9900007174736002,2.430133759337453,0.26181385075534863,1.019534369313411,0.2624353080672738,-589.1780002538493
2.9986589925510048,2.233494455164886,2.1133516914875012,0.9900007174736002,2.430133759337453,0.26181385075534863,1.019534369313411,0.2624353080672738,-589.1780002538493
2.9986589925510048,2.233494455164886,2.1133516914875012,0.9900007174736002,2.430133759337453,0.26181385075534863,1.019534369313411,0.2624353080672738,-589.1780002538493
2.9986589925510048,2.233494455164886,2.1133516914875012,0.9900007174736002,2.430133759337453,0.26181385075534863,1.019534369313411,0.2624353080672738,-589.1780002538493
2.9211112969216213,2.2143042271105657,2.0499591930997303,0.9921367069904926,2.3623184746407278,0.24576644874859008,1.0230219345480007,0.2424282149153764,-589.0815207979605
2.9211112969216213,2.2143042271105657,2.0499591930997303,0.9921367069904926,2.3623184746407278,0.24576644874859008,1.0230219345480007,0.2424282149153764,-589.0815207979605
2.9211112969216213,2.2143042271105657,2.0499591930997303,0.9921367069904926,2.3623184746407278,0.24576644874859008,1.0230219345480007,0.2424282149153764,-589.0815207979605
2.9211112969216213,2.2143042271105657,2.0499591930997303,0.9921367069904926,2.3623184746407278,0.24576644874859008,1.0230219345480007,0.2424282149153764,-589.0815207979605
2.9211112969216213,2.2143042271105657,2.0499591930997303,0.9921367069904926,2.3623184746407278,0.24576644874859008,1.0230219345480007,0.2424282149153764,-589.0815207979605
2.7784675672185792,2.133308937862864,2.045530172076097,0.9929919884240905,2.3457463700616055,0.2811261681898255,1.0646075200786005,0.26719289366184257,-591.1283420072599
2.7784675672185792,2.133308937862864,2.045530172076097,0.9929919884240905,2.3457463700616055,0.2811261681898255,1.0646075200786005,0.26719289366184257,-591.1283420072599
2.7784675672185792,2.133308937862864,2.045530172076097,0.9929919884240905,2.3457463700616055,0.2811261681898255,1.0646075200786005,0.26719289366184257,-591.1283420072599
2.985342658775835,1.998662465680298,2.098008262731978,0.9928639075979548,2.0881375168634553,0.3116700905775847,1.1025048828865747,0.285486568598456,-591.8912452345762
2.985342658775835,1.998662465680298,2.098008262731978,0.9928639075979548,2.0881375168634553,0.3116700905775847,1.1025048828865747,0.285486568598456,-591.8912452345762
2.985342658775835,1.998662465680298,2.098008262731978,0.9928639075979548,2.0881375168634553,0.3116700905775847,1.1025048828865747,0.285486568598456,-591.8912452345762
2.9870108443231826,2.25381514636661,2.0213891847900536,0.9933640047393264,1.6816385434007146,0.3501670408673817,1.0711394380783235,0.2581296561084114,-591.2135502249798
2.9870108443231826,2.25381514636661,2.0213891847900536,0.9933640047393264,1.6816385434007146,0.3501670408673817,1.0711394380783235,0.2581296561084114,-591.2135502249798
3.2433457789261237,2.2129636008943616,1.8383057970234737,0.9903218868710794,1.728716997871503,0.33564030949310797,1.064031855940766,0.14244338796681663,-588.924754251677
3.2433457789261237,2.2129636008943616,1.8383057970234737,0.9903218868710794,1.728716997871503,0.33564030949310797,1.064031855940766,0.14244338796681663,-588.924754251677
3.2433457789261237,2.2129636008943616,1.8383057970234737,0.9903218868710794,1.728716997871503,0.33564030949310797,1.064031855940766,0.14244338796681663,-588.924754251677
3.2433457789261237,2.2129636008943616,1.8383057970234737,0.9903218868710794,1.728716997871503,0.33564030949310797,1.064031855940766,0.14244338796681663,-588.924754251677
3.2433457789261237,2.2129636008943616,1.8383057970234737,0.9903218868710794,1.728716997871503,0.33564030949310797,1.064031855940766,0.14244338796681663,-588.924754251677
3.3018751843027645,2.245709529285042,1.8375848174716733,0.9949677450391057,1.8191727386651841,0.34058401420153933,1.0406728579153546,0.12397715553769753,-588.6195620252466
3.090131058159697,2.291488450218182,1.9794768246502352,0.9940512846120161,2.505409075477202,0.2585613170287292,1.0420745853415236,0.12229916614085598,-588.5274355224908
3.090131058159697,2.291488450218182,1.9794768246502352,0.9940512846120161,2.505409075477202,0.2585613170287292,1.0420745853415236,0.12229916614085598,-588.5274355224908
3.090131058159697,2.291488450218182,1.9794768246502352,0.9940512846120161,2.505409075477202,0.2585613170287292,1.0420745853415236,0.12229916614085598,-588.5274355224908
3.090131058159697,2.291488450218182,1.9794768246502352,0.9940512846120161,2.505409075477202,0.2585613170287292,1.0420745853415236,0.12229916614085598,-588.5274355224908
3.2884395221932525,2.2284746135242965,2.0193107111783877,0.9925963384236562,2.5370550766964652,0.21611529166226057,1.004612644878189,0.13490888280705426,-588.9230306536508
3.2884395221932525,2.2284746135242965,2.0193107111783877,0.9925963384236562,2.5370550766964652,0.21611529166226057,1.004612644878189,0.13490888280705426,-588.9230306536508
3.2884395221932525,2.2284746135242965,2.0193107111783877,0.9925963384236562,2.5370550766964652,0.21611529166226057,1.004612644878189,0.13490888280705426,-588.9230306536508
3.5483126719973357,2.430441740669626,2.0310975952853405,0.9949043822237962,2.4655848664953393,0.2573614490360534,1.0743143294675945,0.12664081465004634,-590.1882031303301
3.6222334133641794,2.271273441295028,1.931048911614328,0.9921942549040957,2.3858841577150853,0.18797690865487754,1.063430363858153,0.10466602019619764,-590.8760944910687
3.6222334133641794,2.271273441295028,1.931048911614328,0.9921942549040957,2.3858841577150853,0.18797690865487754,1.063430363858153,0.10466602019619764,-590.8760944910687
3.6222334133641794,2.271273441295028,1.931048911614328,0.9921942549040957,2.3858841577150853,0.18797690865487754,1.063430363858153,0.10466602019619764,-590.8760944910687
3.6222334133641794,2.271273441295028,1.931048911614328,0.9921942549040957,2.3858841577150853,0.18797690865487754,1.063430363858153,0.10466602019619764,-590.8760944910687
3.497829444300786,2.236479977091162,1.9823591033517094,0.997288327687212,2.8040032978556733,0.11617939562391676,1.085237172412001,0.13527908662788363,-593.6923227404942
3.5704803650578434,2.243492855559314,1.9373649492898015,0.9976166919415242,2.317337026842875,0.23446103070027136,1.1127941614273165,0.10768372960146422,-591.6015542926211
3.5704803650578434,2.243492855559314,1.9373649492898015,0.9976166919415242,2.317337026842875,0.23446103070027136,1.1127941614273165,0.10768372960146422,-591.6015542926211
3.5704803650578434,2.243492855559314,1.9373649492898015,0.9976166919415242,2.317337026842875,0.23446103070027136,1.1127941614273165,0.10768372960146422,-591.6015542926211
3.5704803650578434,2.243492855559314,1.9373649492898015,0.9976166919415242,2.317337026842875,0.23446103070027136,1.1127941614273165,0.10768372960146422,-591.6015542926211
3.4775864841048785,2.269832120025321,1.8914426374420588,0.9962140283126779,2.075869505238927,0.26375331094418997,1.1155280016675202,0.11959741679032014,-589.6216975297142
3.4533802664771303,2.2343864360545656,1.988823819059363,0.9974618686151397,1.796548567001951,0.3500062902306062,1.1207621589177776,0.17506213122134298,-589.6529296643959
3.1191093297467685,2.388736060914006,2.0000356365774414,0.9943028364425383,2.378933870168205,0.3154846714876991,1.1369201710761991,0.14766603820246624,-589.0391763959539
3.1191093297467685,2.388736060914006,2.0000356365774414,0.9943028364425383,2.378933870168205,0.3154846714876991,1.1369201710761991,0.14766603820246624,-589.0391763959539
3.2171676585470266,2.350971791269028,2.038180292230696,0.9961477706439362,2.0114803994446513,0.27344777065813686,1.1042571114371518,0.19512202175188753,-589.1451466567086
3.2171676585470266,2.350971791269028,2.038180292230696,0.9961477706439362,2.0114803994446513,0.27344777065813686,1.1042571114371518,0.19512202175188753,-589.1451466567086
3.2171676585470266,2.350971791269028,2.038180292230696,0.9961477706439362,2.0114803994446513,0.27344777065813686,1.1042571114371518,0.19512202175188753,-589.1451466567086
3.393811061488468,2.1929942891352883,2.122122242380749,0.9921587705704833,2.1721859282687053,0.26166447802033754,1.1038033259856206,0.1985830994420736,-589.1209401089715
3.393811061488468,2.1929942891352883,2.122122242380749,0.9921587705704833,2.1721859282687053,0.26166447802033754,1.1038033259856206,0.1985830994420736,-589.1209401089715
3.393811061488468,2.1929942891352883,2.122122242380749,0.9921587705704833,2.1721859282687053,0.26166447802033754,1.1038033259856206,0.1985830994420736,-589.1209401089715
3.393811061488468,2.1929942891352883,2.122122242380749,0.9921587705704833,2.1721859282687053,0.26166447802033754,1.1038033259856206,0.1985830994420736,-589.1209401089715
3.51390481017054,2.3034962021249594,1.9453798694775604,0.991659098939495,2.068860849146744,0.2555602229390353,1.079324045408884,0.2165920725880973,-588.1429903237379
3.51390481017054,2.3034962021249594,1.9453798694775604,0.991659098939495,2.068860849146744,0.2555602229390353,1.079324045408884,0.2165920725880973,-588.1429903237379
3.51390481017054,2.3034962021249594,1.9453798694775604,0.991659098939495,2.068860849146744,0.2555602229390353,1.079324045408884,0.2165920725880973,-588.1429903237379
3.4127416625387355,2.2280610908028122,1.9156350451453197,0.9892062430801756,2.1051363093819933,0.2151908078673345,0.9993865665315782,0.22859830786365887,-588.1824267403882
3.4127416625387355,2.2280610908028122,1.9156350451453197,0.9892062430801756,2.1051363093819933,0.2151908078673345,0.9993865665315782,0.22859830786365887,-588.1824267403882
3.4127416625387355,2.2280610908028122,1.9156350451453197,0.9892062430801756,2.1051363093819933,0.2151908078673345,0.9993865665315782,0.22859830786365887,-588.1824267403882
3.4127416625387355,2.2280610908028122,1.9156350451453197,0.9892062430801756,2.1051363093819933,0.2151908078673345,0.9993865665315782,0.22859830786365887,-588.1824267403882
3.4127416625387355,2.2280610908028122,1.9156350451453197,0.9892062430801756,2.1051363093819933,0.2151908078673345,0.9993865665315782,0.22859830786365887,-588.1824267403882
3.4127416625387355,2.2280610908028122,1.9156350451453197,0.9892062430801756,2.1051363093819933,0.2151908078673345,0.9993865665315782,0.22859830786365887,-588.1824267403882
3.4127416625387355,2.2280610908028122,1.9156350451453197,0.9892062430801756,2.1051363093819933,0.2151908078673345,0.9993865665315782,0.22859830786365887,-588.1824267403882
3.4127416625387355,2.2280610908028122,1.9156350451453197,0.9892062430801756,2.1051363093819933,0.2151908078673345,0.9993865665315782,0.22859830786365887,-588.1824267403882
3.4127416625387355,2.2280610908028122,1.9156350451453197,0.9892062430801756,2.1051363093819933,0.2151908078673345,0.9993865665315782,0.22859830786365887,-588.1824267403882
3.4127416625387355,2.2280610908028122,1.9156350451453197,0.9892062430801756,2.1051363093819933,0.2151908078673345,0.9993865665315782,0.22859830786365887,-588.1824267403882
3.4127416625387355,2.2280610908028122,1.9156350451453197,0.9892062430801756,2.1051363093819933,0.2151908078673345,0.9993865665315782,0.22859830786365887,-588.1824267403882
3.4127416625387355,2.2280610908028122,1.9156350451453197,0.9892062430801756,2.1051363093819933,0.2151908078673345,0.9993865665315782,0.22859830786365887,-588.1824267403882
3.4127416625387355,2.2280610908028122,1.9156350451453197,0.9892062430801756,2.1051363093819933,0.2151908078673345,0.9993865665315782,0.22859830786365887,-588.1824267403882
3.4127416625387355,2.2280610908028122,1.9156350451453197,0.9892062430801756,2.1051363093819933,0.2151908078673345,0.9993865665315782,0.22859830786365887,-588.1824267403882
3.4127416625387355,2.2280610908028122,1.9156350451453197,0.9892062430801756,2.1051363093819933,0.2151908078673345,0.9993865665315782,0.22859830786365887,-588.1824267403882
3.4127416625387355,2.2280610908028122,1.9156350451453197,0.9892062430801756,2.1051363093819933,0.2151908078673345,0.9993865665315782,0.22859830786365887,-588.1824267403882
3.2926285054462547,2.2901448026898192,1.8400930498872634,0.991179218026058,2.34465295501439,0.19824147974293024,1.035121333128415,0.19117638399725895,-587.9365754269875
3.2926285054462547,2.2901448026898192,1.8400930498872634,0.991179218026058,2.34465295501439,0.19824147974293024,1.035121333128415,0.19117638399725895,-587.9365754269875
3.2926285054462547,2.2901448026898192,1.8400930498872634,0.991179218026058,2.34465295501439,0.19824147974293024,1.035121333128415,0.19117638399725895,-587.9365754269875
3.2926285054462547,2.2901448026898192,1.8400930498872634,0.991179218026058,2.34465295501439,0.19824147974293024,1.035121333128415,0.19117638399725895,-587.9365754269875
3.2245322800898384,2.2818152090604027,1.7383543537395363,0.9889927351476735,2.4772137155805045,0.15275011979395375,1.0304409539283446,0.14131939494505802,-589.4369768333025
3.2245322800898384,2.2818152090604027,1.7383543537395363,0.9889927351476735,2.4772137155805045,0.15275011979395375,1.0304409539283446,0.14131939494505802,-589.4369768333025
3.2245322800898384,2.2818152090604027,1.7383543537395363,0.9889927351476735,2.4772137155805045,0.15275011979395375,1.0304409539283446,0.14131939494505802,-589.4369768333025
3.2245322800898384,2.2818152090604027,1.7383543537395363,0.9889927351476735,2.4772137155805045,0.15275011979395375,1.0304409539283446,0.14131939494505802,-589.4369768333025
3.2245322800898384,2.2818152090604027,1.7383543537395363,0.9889927351476735,2.4772137155805045,0.15275011979395375,1.0304409539283446,0.14131939494505802,-589.4369768333025
3.2245322800898384,2.2818152090604027,1.7383543537395363,0.9889927351476735,2.4772137155805045,0.15275011979395375,1.0304409539283446,0.14131939494505802,-589.4369768333025
3.2245322800898384,2.2818152090604027,1.7383543537395363,0.9889927351476735,2.4772137155805045,0.15275011979395375,1.0304409539283446,0.14131939494505802,-589.4369768333025
3.2245322800898384,2.2818152090604027,1.7383543537395363,0.9889927351476735,2.4772137155805045,0.15275011979395375,1.0304409539283446,0.14131939494505802,-589.4369768333025
3.703897504607086,2.3819200422464926,1.8053498428533614,0.9919576474977638,1.9533305199392252,0.19552829671928273,1.0660732793876702,0.19431865841184573,-589.859679867688
3.703897504607086,2.3819200422464926,1.8053498428533614,0.9919576474977638,1.9533305199392252,0.19552829671928273,1.0660732793876702,0.19431865841184573,-589.859679867688
3.927096784227947,2.258732293568802,1.9901646541553233,0.9921411009227102,1.6059270653405702,0.17021689882576416,1.0354024477253547,0.2163375173919884,-592.0620120982786
3.745693194270551,2.1759072831468194,1.95049547498972,0.988402505232829,1.93504639728174,0.18008414942621398,1.0358716175616989,0.20305458399953222,-590.6462328542638
3.745693194270551,2.1759072831468194,1.95049547498972,0.988402505232829,1.93504639728174,0.18008414942621398,1.0358716175616989,0.20305458399953222,-590.6462328542638
3.6825302503276216,2.0085096273154432,2.074706081159302,0.9888517372066828,1.8581816531559396,0.16743122753105197,1.0080756416000685,0.22113653280578122,-592.9430023934918
3.6825302503276216,2.0085096273154432,2.074706081159302,0.9888517372066828,1.8581816531559396,0.16743122753105197,1.0080756416000685,0.22113653280578122,-592.9430023934918
3.6825302503276216,2.0085096273154432,2.074706081159302,0.9888517372066828,1.8581816531559396,0.16743122753105197,1.0080756416000685,0.22113653280578122,-592.9430023934918
3.6825302503276216,2.0085096273154432,2.074706081159302,0.9888517372066828,1.8581816531559396,0.16743122753105197,1.0080756416000685,0.22113653280578122,-592.9430023934918
3.6825302503276216,2.0085096273154432,2.074706081159302,0.9888517372066828,1.8581816531559396,0.16743122753105197,1.0080756416000685,0.22113653280578122,-592.9430023934918
3.8651808672186947,1.999306091275459,2.0399890209257214,0.9860552891458922,1.901019527549569,0.20924295303726062,1.0463126214476621,0.20430244275494333,-592.9047344957538
4.130067021644544,2.2184230959025646,2.2285385274263025,0.9863940517190397,1.5552179028737572,0.29046715017582037,1.0720179683171216,0.2364205065460335,-592.5766082645083
4.130067021644544,2.2184230959025646,2.2285385274263025,0.9863940517190397,1.5552179028737572,0.29046715017582037,1.0720179683171216,0.2364205065460335,-592.5766082645083
4.208324876963992,2.2909589803622077,2.0557190859135175,0.9870197592580808,1.3445148623996115,0.30239385147292697,1.0029584636896505,0.221271915241237,-591.8341383418212
4.114765906507353,2.251411130251857,2.0748802406278637,0.9868322741727971,1.4310870051798705,0.4407927075329313,1.0613747009328078,0.27922089169652603,-591.1151255582564
3.570319920865123,2.339338465990517,1.9575948032365051,0.9878277406581745,1.6887764693071081,0.37310913459140493,1.016612792212152,0.31334319640480146,-589.4546487195803
3.570319920865123,2.339338465990517,1.9575948032365051,0.9878277406581745,1.6887764693071081,0.37310913459140493,1.016612792212152,0.31334319640480146,-589.4546487195803
3.570319920865123,2.339338465990517,1.9575948032365051,0.9878277406581745,1.6887764693071081,0.37310913459140493,1.016612792212152,0.31334319640480146,-589.4546487195803
3.570319920865123,2.339338465990517,1.9575948032365051,0.9878277406581745,1.6887764693071081,0.37310913459140493,1.016612792212152,0.31334319640480146,-589.4546487195803
3.570319920865123,2.339338465990517,1.9575948032365051,0.9878277406581745,1.6887764693071081,0.37310913459140493,1.016612792212152,0.31334319640480146,-589.4546487195803
3.570319920865123,2.339338465990517,1.9575948032365051,0.9878277406581745,1.6887764693071081,0.37310913459140493,1.016612792212152,0.31334319640480146,-589.4546487195803
3.570319920865123,2.339338465990517,1.9575948032365051,0.9878277406581745,1.6887764693071081,0.37310913459140493,1.016612792212152,0.31334319640480146,-589.4546487195803
3.570319920865123,2.339338465990517,1.9575948032365051,0.9878277406581745,1.6887764693071081,0.37310913459140493,1.016612792212152,0.31334319640480146,-589.4546487195803
3.570319920865123,2.339338465990517,1.9575948032365051,0.9878277406581745,1.6887764693071081,0.37310913459140493,1.016612792212152,0.31334319640480146,-589.4546487195803
3.570319920865123,2.339338465990517,1.9575948032365051,0.9878277406581745,1.6887764693071081,0.37310913459140493,1.016612792212152,0.31334319640480146,-589.4546487195803
3.570319920865123,2.339338465990517,1.9575948032365051,0.9878277406581745,1.6887764693071081,0.37310913459140493,1.016612792212152,0.31334319640480146,-589.4546487195803
3.4338821512716375,2.2888046736909775,1.8525689417874633,0.9921083413727944,1.6662396741249916,0.333931815426741,0.9997624315484812,0.29861209420923845,-589.0422122335164
3.4338821512716375,2.2888046736909775,1.8525689417874633,0.9921083413727944,1.6662396741249916,0.333931815426741,0.9997624315484812,0.29861209420923845,-589.0422122335164
3.4338821512716375,2.2888046736909775,1.8525689417874633,0.9921083413727944,1.6662396741249916,0.333931815426741,0.9997624315484812,0.29861209420923845,-589.0422122335164
3.4338821512716375,2.2888046736909775,1.8525689417874633,0.9921083413727944,1.6662396741249916,0.333931815426741,0.9997624315484812,0.29861209420923845,-589.0422122335164
3.4338821512716375,2.2888046736909775,1.8525689417874633,0.9921083413727944,1.6662396741249916,0.333931815426741,0.9997624315484812,0.29861209420923845,-589.0422122335164
3.4338821512716375,2.2888046736909775,1.8525689417874633,0.9921083413727944,1.6662396741249916,0.333931815426741,0.9997624315484812,0.29861209420923845,-589.0422122335164
3.4338821512716375,2.2888046736909775,1.8525689417874633,0.9921083413727944,1.6662396741249916,0.333931815426741,0.9997624315484812,0.29861209420923845,-589.0422122335164
3.4338821512716375,2.2888046736909775,1.8525689417874633,0.9921083413727944,1.6662396741249916,0.333931815426741,0.9997624315484812,0.29861209420923845,-589.0422122335164
3.414696474538287,2.124803051661443,1.9363064164445087,0.98970326839504,1.522030109633703,0.3877706619791184,1.0230756704162305,0.27500537417983517,-589.8952519344717
3.3647301883536653,2.0892692686490264,1.9647878500870744,0.9910115439859313,1.9345290758148013,0.34154132506496754,1.0835584999512582,0.26169256089089143,-588.9490199936282
3.3647301883536653,2.0892692686490264,1.9647878500870744,0.9910115439859313,1.9345290758148013,0.34154132506496754,1.0835584999512582,0.26169256089089143,-588.9490199936282
3.3647301883536653,2.0892692686490264,1.9647878500870744,0.9910115439859313,1.9345290758148013,0.34154132506496754,1.0835584999512582,0.26169256089089143,-588.9490199936282
3.3647301883536653,2.0892692686490264,1.9647878500870744,0.9910115439859313,1.9345290758148013,0.34154132506496754,1.0835584999512582,0.26169256089089143,-588.9490199936282
3.3647301883536653,2.0892692686490264,1.9647878500870744,0.9910115439859313,1.9345290758148013,0.34154132506496754,1.0835584999512582,0.26169256089089143,-588.9490199936282
3.3647301883536653,2.0892692686490264,1.9647878500870744,0.9910115439859313,1.9345290758148013,0.34154132506496754,1.0835584999512582,0.26169256089089143,-588.9490199936282
3.3647301883536653,2.0892692686490264,1.9647878500870744,0.9910115439859313,1.9345290758148013,0.34154132506496754,1.0835584999512582,0.26169256089089143,-588.9490199936282
3.4286991664779722,2.1691914586114476,2.041101262217127,0.9869955241212047,1.8042175887055554,0.41100432326275116,1.1533278292724531,0.22880648460787623,-590.0781124191149
3.4286991664779722,2.1691914586114476,2.041101262217127,0.9869955241212047,1.8042175887055554,0.41100432326275116,1.1533278292724531,0.22880648460787623,-590.0781124191149
3.4286991664779722,2.1691914586114476,2.041101262217127,0.9869955241212047,1.8042175887055554,0.41100432326275116,1.1533278292724531,0.22880648460787623,-590.0781124191149
3.4286991664779722,2.1691914586114476,2.041101262217127,0.9869955241212047,1.8042175887055554,0.41100432326275116,1.1533278292724531,0.22880648460787623,-590.0781124191149
3.4286991664779722,2.1691914586114476,2.041101262217127,0.9869955241212047,1.8042175887055554,0.41100432326275116,1.1533278292724531,0.22880648460787623,-590.0781124191149
3.4286991664779722,2.1691914586114476,2.041101262217127,0.9869955241212047,1.8042175887055554,0.41100432326275116,1.1533278292724531,0.22880648460787623,-590.0781124191149
3.4286991664779722,2.1691914586114476,2.041101262217127,0.9869955241212047,1.8042175887055554,0.41100432326275116,1.1533278292724531,0.22880648460787623,-590.0781124191149
3.7429707392661635,2.395977308601243,2.066302381090889,0.9904154315932278,1.868048010679337,0.3114546347161083,1.1106189680616525,0.23178269360130302,-589.4422837086663
3.4459226143632047,2.2244123863143512,1.9109333448304142,0.9936040943438924,2.160246410599614,0.307614353795011,1.0658238133014684,0.2559175642622266,-588.1648515875412
3.4459226143632047,2.2244123863143512,1.9109333448304142,0.9936040943438924,2.160246410599614,0.307614353795011,1.0658238133014684,0.2559175642622266,-588.1648515875412
3.577419063451975,2.235373545642623,1.9392014513686757,0.9914604328674179,1.8538116789745407,0.31638907456032483,1.0927503003363297,0.29385413586102854,-589.3248207608314
3.577419063451975,2.235373545642623,1.9392014513686757,0.9914604328674179,1.8538116789745407,0.31638907456032483,1.0927503003363297,0.29385413586102854,-589.3248207608314
3.577419063451975,2.235373545642623,1.9392014513686757,0.9914604328674179,1.8538116789745407,0.31638907456032483,1.0927503003363297,0.29385413586102854,-589.3248207608314
3.577419063451975,2.235373545642623,1.9392014513686757,0.9914604328674179,1.8538116789745407,0.31638907456032483,1.0927503003363297,0.29385413586102854,-589.3248207608314
3.242147665435118,2.2814767298154512,1.918652272602486,0.9912016958067322,2.0781261411581102,0.23274062050937702,1.0614779251486337,0.27379035390562406,-588.9238636641716
3.242147665435118,2.2814767298154512,1.918652272602486,0.9912016958067322,2.0781261411581102,0.23274062050937702,1.0614779251486337,0.27379035390562406,-588.9238636641716
3.242147665435118,2.2814767298154512,1.918652272602486,0.9912016958067322,2.0781261411581102,0.23274062050937702,1.0614779251486337,0.27379035390562406,-588.9238636641716
3.242147665435118,2.2814767298154512,1.918652272602486,0.9912016958067322,2.0781261411581102,0.23274062050937702,1.0614779251486337,0.27379035390562406,-588.9238636641716
3.1957957415681864,2.1659120565379,1.8547634975135763,0.9853036247184132,2.358989400751286,0.21595210340755108,1.0112256533568182,0.2445877963803179,-589.149782308552
3.434616577603258,2.1462952056450413,1.8496900219653236,0.9887046671720532,1.959051015990218,0.20004539741906172,1.0360866838865321,0.2606705173821385,-589.9405996575019
3.434616577603258,2.1462952056450413,1.8496900219653236,0.9887046671720532,1.959051015990218,0.20004539741906172,1.0360866838865321,0.2606705173821385,-589.9405996575019
3.434616577603258,2.1462952056450413,1.8496900219653236,0.9887046671720532,1.959051015990218,0.20004539741906172,1.0360866838865321,0.2606705173821385,-589.9405996575019
3.434616577603258,2.1462952056450413,1.8496900219653236,0.9887046671720532,1.959051015990218,0.20004539741906172,1.0360866838865321,0.2606705173821385,-589.9405996575019
3.434616577603258,2.1462952056450413,1.8496900219653236,0.9887046671720532,1.959051015990218,0.20004539741906172,1.0360866838865321,0.2606705173821385,-589.9405996575019
3.434616577603258,2.1462952056450413,1.8496900219653236,0.9887046671720532,1.959051015990218,0.20004539741906172,1.0360866838865321,0.2606705173821385,-589.9405996575019
3.434616577603258,2.1462952056450413,1.8496900219653236,0.9887046671720532,1.959051015990218,0.20004539741906172,1.0360866838865321,0.2606705173821385,-589.9405996575019
3.594174024424975,2.2692036479307998,1.697926626015447,0.9924783977583382,1.8535730649432591,0.2298807147439998,1.071766175916929,0.21926218935395153,-590.1201568496009
3.594174024424975,2.2692036479307998,1.697926626015447,0.9924783977583382,1.8535730649432591,0.2298807147439998,1.071766175916929,0.21926218935395153,-590.1201568496009
3.594174024424975,2.2692036479307998,1.697926626015447,0.9924783977583382,1.8535730649432591,0.2298807147439998,1.071766175916929,0.21926218935395153,-590.1201568496009
3.594174024424975,2.2692036479307998,1.697926626015447,0.9924783977583382,1.8535730649432591,0.2298807147439998,1.071766175916929,0.21926218935395153,-590.1201568496009
3.594174024424975,2.2692036479307998,1.697926626015447,0.9924783977583382,1.8535730649432591,0.2298807147439998,1.071766175916929,0.21926218935395153,-590.1201568496009
3.594174024424975,2.2692036479307998,1.697926626015447,0.9924783977583382,1.8535730649432591,0.2298807147439998,1.071766175916929,0.21926218935395153,-590.1201568496009
3.594174024424975,2.2692036479307998,1.697926626015447,0.9924783977583382,1.8535730649432591,0.2298807147439998,1.071766175916929,0.21926218935395153,-590.1201568496009
3.594174024424975,2.2692036479307998,1.697926626015447,0.9924783977583382,1.8535730649432591,0.2298807147439998,1.071766175916929,0.21926218935395153,-590.1201568496009
3.594174024424975,2.2692036479307998,1.697926626015447,0.9924783977583382,1.8535730649432591,0.2298807147439998,1.071766175916929,0.21926218935395153,-590.1201568496009
3.594174024424975,2.2692036479307998,1.697926626015447,0.9924783977583382,1.8535730649432591,0.2298807147439998,1.071766175916929,0.21926218935395153,-590.1201568496009
3.732498381527871,2.1815768400340527,1.671250174742209,0.9922041573140599,1.5069464126253758,0.19702965934409616,1.0688729116507079,0.25822962599721777,-594.1436674649719
3.6683316693088215,2.3432962654649288,1.6137372114419077,0.9870052841789684,2.378512634304545,0.16874140979505936,1.089838277856249,0.18395130603413412,-593.4058301783498
3.6683316693088215,2.3432962654649288,1.6137372114419077,0.9870052841789684,2.378512634304545,0.16874140979505936,1.089838277856249,0.18395130603413412,-593.4058301783498
3.6683316693088215,2.3432962654649288,1.6137372114419077,0.9870052841789684,2.378512634304545,0.16874140979505936,1.089838277856249,0.18395130603413412,-593.4058301783498
3.6683316693088215,2.3432962654649288,1.6137372114419077,0.9870052841789684,2.378512634304545,0.16874140979505936,1.089838277856249,0.18395130603413412,-593.4058301783498
3.6683316693088215,2.3432962654649288,1.6137372114419077,0.9870052841789684,2.378512634304545,0.16874140979505936,1.089838277856249,0.18395130603413412,-593.4058301783498
3.6683316693088215,2.3432962654649288,1.6137372114419077,0.9870052841789684,2.378512634304545,0.16874140979505936,1.089838277856249,0.18395130603413412,-593.4058301783498
3.6683316693088215,2.3432962654649288,1.6137372114419077,0.9870052841789684,2.378512634304545,0.16874140979505936,1.089838277856249,0.18395130603413412,-593.4058301783498
3.247549947851952,2.314803618684746,1.6654720962418208,0.9847088395371864,3.3342451252936085,0.14833509089706093,1.1067513774900375,0.12549233855094347,-593.2264338822793
3.247549947851952,2.314803618684746,1.6654720962418208,0.9847088395371864,3.3342451252936085,0.14833509089706093,1.1067513774900375,0.12549233855094347,-593.2264338822793
3.247549947851952,2.314803618684746,1.6654720962418208,0.9847088395371864,3.3342451252936085,0.14833509089706093,1.1067513774900375,0.12549233855094347,-593.2264338822793
3.247549947851952,2.314803618684746,1.6654720962418208,0.9847088395371864,3.3342451252936085,0.14833509089706093,1.1067513774900375,0.12549233855094347,-593.2264338822793
3.247549947851952,2.314803618684746,1.6654720962418208,0.9847088395371864,3.3342451252936085,0.14833509089706093,1.1067513774900375,0.12549233855094347,-593.2264338822793
3.247549947851952,2.314803618684746,1.6654720962418208,0.9847088395371864,3.3342451252936085,0.14833509089706093,1.1067513774900375,0.12549233855094347,-593.2264338822793
3.247549947851952,2.314803618684746,1.6654720962418208,0.9847088395371864,3.3342451252936085,0.14833509089706093,1.1067513774900375,0.12549233855094347,-593.2264338822793
3.247549947851952,2.314803618684746,1.6654720962418208,0.9847088395371864,3.3342451252936085,0.14833509089706093,1.1067513774900375,0.12549233855094347,-593.2264338822793
3.247549947851952,2.314803618684746,1.6654720962418208,0.9847088395371864,3.3342451252936085,0.14833509089706093,1.1067513774900375,0.12549233855094347,-593.2264338822793
3.247549947851952,2.314803618684746,1.6654720962418208,0.9847088395371864,3.3342451252936085,0.14833509089706093,1.1067513774900375,0.12549233855094347,-593.2264338822793
3.346655928021749,2.0491289087710225,1.7137303064614824,0.9852466170331798,2.7773225737846707,0.2539469232189734,1.1192157733371146,0.1783993937833032,-591.9764997970002
3.346655928021749,2.0491289087710225,1.7137303064614824,0.9852466170331798,2.7773225737846707,0.2539469232189734,1.1192157733371146,0.1783993937833032,-591.9764997970002
3.346655928021749,2.0491289087710225,1.7137303064614824,0.9852466170331798,2.7773225737846707,0.2539469232189734,1.1192157733371146,0.1783993937833032,-591.9764997970002
3.346655928021749,2.0491289087710225,1.7137303064614824,0.9852466170331798,2.7773225737846707,0.2539469232189734,1.1192157733371146,0.1783993937833032,-591.9764997970002
2.985837797526221,2.1000028057171645,1.8335679257542106,0.9852300862893737,2.986740200352185,0.19682201151832024,1.0889923233788692,0.19585507549876746,-591.0336767824825
3.285080033596346,2.16797844347814,1.84896632596646,0.984610996829855,2.5404188530555913,0.31674346748783966,1.0600113291012836,0.12889432646480523,-588.909647721754
3.285080033596346,2.16797844347814,1.84896632596646,0.984610996829855,2.5404188530555913,0.31674346748783966,1.0600113291012836,0.12889432646480523,-588.909647721754
3.3239947716400278,2.0654861372502307,1.9141546704210861,0.9858972233904439,2.14925518804183,0.3413339988382169,1.0694881569139854,0.18597318912955074,-588.9069325902492
3.3239947716400278,2.0654861372502307,1.9141546704210861,0.9858972233904439,2.14925518804183,0.3413339988382169,1.0694881569139854,0.18597318912955074,-588.9069325902492
3.058781218542745,2.19000376256907,1.8639414879330543,0.9890202556605172,2.1667969238871523,0.4338647548739046,1.0857750711619991,0.18274093919494586,-589.340857125449
3.058781218542745,2.19000376256907,1.8639414879330543,0.9890202556605172,2.1667969238871523,0.4338647548739046,1.0857750711619991,0.18274093919494586,-589.340857125449
3.058781218542745,2.19000376256907,1.8639414879330543,0.9890202556605172,2.1667969238871523,0.4338647548739046,1.0857750711619991,0.18274093919494586,-589.340857125449
3.306807342026497,2.1576359060874437,1.863102412836444,0.9858655377453311,2.195628408403812,0.27026116613153045,1.0638102105842977,0.13223157362876053,-588.7390720497501
3.306807342026497,2.1576359060874437,1.863102412836444,0.9858655377453311,2.195628408403812,0.27026116613153045,1.0638102105842977,0.13223157362876053,-588.7390720497501
3.389507601065026,2.287100063701787,1.7812375251952397,0.9876799652337656,2.456399177432027,0.1935323489473591,1.075401983814653,0.10192760281154548,-590.0767059889682
3.389507601065026,2.287100063701787,1.7812375251952397,0.9876799652337656,2.456399177432027,0.1935323489473591,1.075401983814653,0.10192760281154548,-590.0767059889682
3.389507601065026,2.287100063701787,1.7812375251952397,0.9876799652337656,2.456399177432027,0.1935323489473591,1.075401983814653,0.10192760281154548,-590.0767059889682
3.389507601065026,2.287100063701787,1.7812375251952397,0.9876799652337656,2.456399177432027,0.1935323489473591,1.075401983814653,0.10192760281154548,-590.0767059889682
3.1155754933927184,2.3563159879149524,1.7177044795595018,0.9907995378291421,2.7791829571754976,0.22068805906852196,1.0730959525187638,0.1369336016665574,-588.7075185511995
3.1155754933927184,2.3563159879149524,1.7177044795595018,0.9907995378291421,2.7791829571754976,0.22068805906852196,1.0730959525187638,0.1369336016665574,-588.7075185511995
3.1155754933927184,2.3563159879149524,1.7177044795595018,0.9907995378291421,2.7791829571754976,0.22068805906852196,1.0730959525187638,0.1369336016665574,-588.7075185511995
3.1252263208249667,2.4420039290233335,1.731030989342588,0.9938040756985742,2.7392371293734676,0.18768896464632467,1.0224756647104574,0.1796368873534792,-588.6957296686119
3.1252263208249667,2.4420039290233335,1.731030989342588,0.9938040756985742,2.7392371293734676,0.18768896464632467,1.0224756647104574,0.1796368873534792,-588.6957296686119
3.1252263208249667,2.4420039290233335,1.731030989342588,0.9938040756985742,2.7392371293734676,0.18768896464632467,1.0224756647104574,0.1796368873534792,-588.6957296686119
2.8732811880835545,2.387428995547194,1.7979136305413614,0.9911310204261756,2.7213670421272416,0.2070154235857931,0.9928586615693055,0.2026655787359909,-588.6743949296241
3.273093865686915,2.1088547167232563,1.9767721648752645,0.9888860860802342,2.5262072570691165,0.23738695834055593,1.0433896543447003,0.21298929990743387,-588.7094467456875
3.273093865686915,2.1088547167232563,1.9767721648752645,0.9888860860802342,2.5262072570691165,0.23738695834055593,1.0433896543447003,0.21298929990743387,-588.7094467456875
3.273093865686915,2.1088547167232563,1.9767721648752645,0.9888860860802342,2.5262072570691165,0.23738695834055593,1.0433896543447003,0.21298929990743387,-588.7094467456875
3.273093865686915,2.1088547167232563,1.9767721648752645,0.9888860860802342,2.5262072570691165,0.23738695834055593,1.0433896543447003,0.21298929990743387,-588.7094467456875
3.273093865686915,2.1088547167232563,1.9767721648752645,0.9888860860802342,2.5262072570691165,0.23738695834055593,1.0433896543447003,0.21298929990743387,-588.7094467456875
3.273093865686915,2.1088547167232563,1.9767721648752645,0.9888860860802342,2.5262072570691165,0.23738695834055593,1.0433896543447003,0.21298929990743387,-588.7094467456875
3.273093865686915,2.1088547167232563,1.9767721648752645,0.9888860860802342,2.5262072570691165,0.23738695834055593,1.0433896543447003,0.21298929990743387,-588.7094467456875
3.4035987729311246,1.996668594766653,1.74843552531774,0.9889951477570029,2.1848214898010507,0.25792516544541866,1.0271618746175013,0.18561493062518422,-589.4507223256062
3.266174572763425,2.1151207373827012,1.8483676323925384,0.988132309388033,2.5078876197517728,0.27546366456538185,1.0111630486123517,0.2011469563719261,-587.9652518327115
3.375633283513982,2.158506367575933,2.0300122176488005,0.9907768109343439,2.0892555701883424,0.32435953615248453,1.0204055931487734,0.22961878276976025,-587.8647160628597
3.375633283513982,2.158506367575933,2.0300122176488005,0.9907768109343439,2.0892555701883424,0.32435953615248453,1.0204055931487734,0.22961878276976025,-587.8647160628597
3.375633283513982,2.158506367575933,2.0300122176488005,0.9907768109343439,2.0892555701883424,0.32435953615248453,1.0204055931487734,0.22961878276976025,-587.8647160628597
3.375633283513982,2.158506367575933,2.0300122176488005,0.9907768109343439,2.0892555701883424,0.32435953615248453,1.0204055931487734,0.22961878276976025,-587.8647160628597
3.375633283513982,2.158506367575933,2.0300122176488005,0.9907768109343439,2.0892555701883424,0.32435953615248453,1.0204055931487734,0.22961878276976025,-587.8647160628597
3.375633283513982,2.158506367575933,2.0300122176488005,0.9907768109343439,2.0892555701883424,0.32435953615248453,1.0204055931487734,0.22961878276976025,-587.8647160628597
3.375633283513982,2.158506367575933,2.0300122176488005,0.9907768109343439,2.0892555701883424,0.32435953615248453,1.0204055931487734,0.22961878276976025,-587.8647160628597
3.375633283513982,2.158506367575933,2.0300122176488005,0.9907768109343439,2.0892555701883424,0.32435953615248453,1.0204055931487734,0.22961878276976025,-587.8647160628597
3.375633283513982,2.158506367575933,2.0300122176488005,0.9907768109343439,2.0892555701883424,0.32435953615248453,1.0204055931487734,0.22961878276976025,-587.8647160628597
3.167606015308491,2.163362337674034,1.8034919210810307,0.987265338068332,2.418592201862108,0.3636112545112759,1.054260991186464,0.20657512155892196,-588.5799628521448
3.167606015308491,2.163362337674034,1.8034919210810307,0.987265338068332,2.418592201862108,0.3636112545112759,1.054260991186464,0.20657512155892196,-588.5799628521448
3.167606015308491,2.163362337674034,1.8034919210810307,0.987265338068332,2.418592201862108,0.3636112545112759,1.054260991186464,0.20657512155892196,-588.5799628521448
3.167606015308491,2.163362337674034,1.8034919210810307,0.987265338068332,2.418592201862108,0.3636112545112759,1.054260991186464,0.20657512155892196,-588.5799628521448
2.8581845085269073,2.1781415699472206,1.7804842139769408,0.9909016274186586,2.624982617608287,0.37843566734739886,1.0195655026528254,0.2277908896272206,-589.8887356665589
2.8581845085269073,2.1781415699472206,1.7804842139769408,0.9909016274186586,2.624982617608287,0.37843566734739886,1.0195655026528254,0.2277908896272206,-589.8887356665589
2.8581845085269073,2.1781415699472206,1.7804842139769408,0.9909016274186586,2.624982617608287,0.37843566734739886,1.0195655026528254,0.2277908896272206,-589.8887356665589
2.8581845085269073,2.1781415699472206,1.7804842139769408,0.9909016274186586,2.624982617608287,0.37843566734739886,1.0195655026528254,0.2277908896272206,-589.8887356665589
3.040082692809701,2.2654577899382966,1.8198170561758094,0.9872895093052804,2.5542313470746,0.3775927954146028,1.0192405318964088,0.22151225110318026,-588.8218922417808
3.040082692809701,2.2654577899382966,1.8198170561758094,0.9872895093052804,2.5542313470746,0.3775927954146028,1.0192405318964088,0.22151225110318026,-588.8218922417808
3.040082692809701,2.2654577899382966,1.8198170561758094,0.9872895093052804,2.5542313470746,0.3775927954146028,1.0192405318964088,0.22151225110318026,-588.8218922417808
3.040082692809701,2.2654577899382966,1.8198170561758094,0.9872895093052804,2.5542313470746,0.3775927954146028,1.0192405318964088,0.22151225110318026,-588.8218922417808
3.040082692809701,2.2654577899382966,1.8198170561758094,0.9872895093052804,2.5542313470746,0.3775927954146028,1.0192405318964088,0.22151225110318026,-588.8218922417808
3.004908750102749,2.290217163861797,1.935924980889634,0.9870332268393663,2.6150744850001284,0.32748687454643255,1.0751168065729857,0.25469863517772284,-589.5433983578537
3.156392515081021,2.4529094920271213,1.9531877229639658,0.9878008241106848,1.773107684964173,0.42944902246751976,1.0756470408733116,0.27619370791413106,-590.65143414186
3.156392515081021,2.4529094920271213,1.9531877229639658,0.9878008241106848,1.773107684964173,0.42944902246751976,1.0756470408733116,0.27619370791413106,-590.65143414186
3.156392515081021,2.4529094920271213,1.9531877229639658,0.9878008241106848,1.773107684964173,0.42944902246751976,1.0756470408733116,0.27619370791413106,-590.65143414186
3.156392515081021,2.4529094920271213,1.9531877229639658,0.9878008241106848,1.773107684964173,0.42944902246751976,1.0756470408733116,0.27619370791413106,-590.65143414186
3.156392515081021,2.4529094920271213,1.9531877229639658,0.9878008241106848,1.773107684964173,0.42944902246751976,1.0756470408733116,0.27619370791413106,-590.65143414186
3.156392515081021,2.4529094920271213,1.9531877229639658,0.9878008241106848,1.773107684964173,0.42944902246751976,1.0756470408733116,0.27619370791413106,-590.65143414186
3.156392515081021,2.4529094920271213,1.9531877229639658,0.9878008241106848,1.773107684964173,0.42944902246751976,1.0756470408733116,0.27619370791413106,-590.65143414186
2.813796239601649,2.4535485527998917,2.011725900368563,0.9900577038087929,2.340481762214697,0.3927064292991007,1.061419843732963,0.2538015666588148,-591.1178623887972
2.813796239601649,2.4535485527998917,2.011725900368563,0.9900577038087929,2.340481762214697,0.3927064292991007,1.061419843732963,0.2538015666588148,-591.1178623887972
2.813796239601649,2.4535485527998917,2.011725900368563,0.9900577038087929,2.340481762214697,0.3927064292991007,1.061419843732963,0.2538015666588148,-591.1178623887972
2.813796239601649,2.4535485527998917,2.011725900368563,0.9900577038087929,2.340481762214697,0.3927064292991007,1.061419843732963,0.2538015666588148,-591.1178623887972
2.813796239601649,2.4535485527998917,2.011725900368563,0.9900577038087929,2.340481762214697,0.3927064292991007,1.061419843732963,0.2538015666588148,-591.1178623887972
2.813796239601649,2.4535485527998917,2.011725900368563,0.9900577038087929,2.340481762214697,0.3927064292991007,1.061419843732963,0.2538015666588148,-591.1178623887972
2.813796239601649,2.4535485527998917,2.011725900368563,0.9900577038087929,2.340481762214697,0.3927064292991007,1.061419843732963,0.2538015666588148,-591.1178623887972
2.916512113445064,2.3483247222615176,2.1247564497842606,0.9934813427737768,2.728880997800566,0.3869233405032378,1.0578797442981396,0.2762281636972106,-591.1452759472336
3.1245531555176105,2.4552338380425236,2.1425628378977355,0.9959459723889122,2.3394155652560515,0.366630617052565,1.007585754139611,0.32545110493836193,-591.0694266739954
3.1245531555176105,2.4552338380425236,2.1425628378977355,0.9959459723889122,2.3394155652560515,0.366630617052565,1.007585754139611,0.32545110493836193,-591.0694266739954
3.1245531555176105,2.4552338380425236,2.1425628378977355,0.9959459723889122,2.3394155652560515,0.366630617052565,1.007585754139611,0.32545110493836193,-591.0694266739954
3.1627849566878035,2.2957600799966214,2.149647776223421,0.9967375521378716,2.00098034231377,0.4041119455728701,1.064918793981573,0.2907429435856295,-590.6355074197855
3.1627849566878035,2.2957600799966214,2.149647776223421,0.9967375521378716,2.00098034231377,0.4041119455728701,1.064918793981573,0.2907429435856295,-590.6355074197855
3.1172405739393256,2.434833613945492,2.165689469817493,0.9960502509183872,2.1950906698582813,0.4063729589355168,1.0787931105666428,0.2561357637714282,-590.6030086704752
3.213026297733076,2.281591637730349,2.2938031890558674,0.9946741237362617,2.005722037546495,0.28751731777416245,1.0124468573743626,0.2856228009592934,-590.3217996099435
3.2078992777929902,2.322512316342155,2.244410525315064,0.9965056750970596,1.6942765300148812,0.29017974014992415,1.0183125728345306,0.27847427951128584,-591.5215273772054
3.2078992777929902,2.322512316342155,2.244410525315064,0.9965056750970596,1.6942765300148812,0.29017974014992415,1.0183125728345306,0.27847427951128584,-591.5215273772054
3.643038165280444,2.3050629420553794,2.1647348768345727,0.995215989998056,1.3222438285603177,0.33637821133055,1.019860597867776,0.35571523510382874,-591.8793156924877
3.643038165280444,2.3050629420553794,2.1647348768345727,0.995215989998056,1.3222438285603177,0.33637821133055,1.019860597867776,0.35571523510382874,-591.8793156924877
3.643038165280444,2.3050629420553794,2.1647348768345727,0.995215989998056,1.3222438285603177,0.33637821133055,1.019860597867776,0.35571523510382874,-591.8793156924877
3.643038165280444,2.3050629420553794,2.1647348768345727,0.995215989998056,1.3222438285603177,0.33637821133055,1.019860597867776,0.35571523510382874,-591.8793156924877
3.643038165280444,2.3050629420553794,2.1647348768345727,0.995215989998056,1.3222438285603177,0.33637821133055,1.019860597867776,0.35571523510382874,-591.8793156924877
3.643038165280444,2.3050629420553794,2.1647348768345727,0.995215989998056,1.3222438285603177,0.33637821133055,1.019860597867776,0.35571523510382874,-591.8793156924877
3.643038165280444,2.3050629420553794,2.1647348768345727,0.995215989998056,1.3222438285603177,0.33637821133055,1.019860597867776,0.35571523510382874,-591.8793156924877
3.560955070242117,2.091087214867191,2.1337143974211163,0.9923244539661199,1.4855482126705208,0.3806887778303352,1.0429348965536842,0.3667496295666266,-591.6655849894701
3.560955070242117,2.091087214867191,2.1337143974211163,0.9923244539661199,1.4855482126705208,0.3806887778303352,1.0429348965536842,0.3667496295666266,-591.6655849894701
3.560955070242117,2.091087214867191,2.1337143974211163,0.9923244539661199,1.4855482126705208,0.3806887778303352,1.0429348965536842,0.3667496295666266,-591.6655849894701
3.226952219176917,2.1676187699352036,2.1747033154328914,0.9875243944897878,2.1546213894842356,0.27348408114485667,1.0194754034935654,0.3991668733082849,-592.3215026395425
3.132830887924011,2.189091260298263,2.0870382016043725,0.9872319342732919,2.247949803053332,0.19480637166871476,1.0439069209616656,0.3842526349578682,-593.199243784302
3.132830887924011,2.189091260298263,2.0870382016043725,0.9872319342732919,2.247949803053332,0.19480637166871476,1.0439069209616656,0.3842526349578682,-593.199243784302
3.132830887924011,2.189091260298263,2.0870382016043725,0.9872319342732919,2.247949803053332,0.19480637166871476,1.0439069209616656,0.3842526349578682,-593.199243784302
3.2664144028867046,2.356442908759308,2.100501393355342,0.987841703613459,1.7625714648624555,0.2166364533669704,1.0243342464504708,0.3855356689056729,-592.6629563225182
3.3556422748484795,2.289149027202283,2.173508294949665,0.9906314749603683,1.747805694388536,0.3361057625186449,1.015632951563938,0.37499602945448157,-590.734100512548
3.3556422748484795,2.289149027202283,2.173508294949665,0.9906314749603683,1.747805694388536,0.3361057625186449,1.015632951563938,0.37499602945448157,-590.734100512548
3.3556422748484795,2.289149027202283,2.173508294949665,0.9906314749603683,1.747805694388536,0.3361057625186449,1.015632951563938,0.37499602945448157,-590.734100512548
3.3556422748484795,2.289149027202283,2.173508294949665,0.9906314749603683,1.747805694388536,0.3361057625186449,1.015632951563938,0.37499602945448157,-590.734100512548
3.3556422748484795,2.289149027202283,2.173508294949665,0.9906314749603683,1.747805694388536,0.3361057625186449,1.015632951563938,0.37499602945448157,-590.734100512548
3.2947222736617494,2.187996149531009,2.1816357786905467,0.9940298488756585,1.3740526452322843,0.35184167137619504,1.0389579069825754,0.32623686526443063,-592.9111555185902
3.2947222736617494,2.187996149531009,2.1816357786905467,0.9940298488756585,1.3740526452322843,0.35184167137619504,1.0389579069825754,0.32623686526443063,-592.9111555185902
3.2947222736617494,2.187996149531009,2.1816357786905467,0.9940298488756585,1.3740526452322843,0.35184167137619504,1.0389579069825754,0.32623686526443063,-592.9111555185902
3.2947222736617494,2.187996149531009,2.1816357786905467,0.9940298488756585,1.3740526452322843,0.35184167137619504,1.0389579069825754,0.32623686526443063,-592.9111555185902
3.2947222736617494,2.187996149531009,2.1816357786905467,0.9940298488756585,1.3740526452322843,0.35184167137619504,1.0389579069825754,0.32623686526443063,-592.9111555185902
3.2947222736617494,2.187996149531009,2.1816357786905467,0.9940298488756585,1.3740526452322843,0.35184167137619504,1.0389579069825754,0.32623686526443063,-592.9111555185902
3.2947222736617494,2.187996149531009,2.1816357786905467,0.9940298488756585,1.3740526452322843,0.35184167137619504,1.0389579069825754,0.32623686526443063,-592.9111555185902
3.2947222736617494,2.187996149531009,2.1816357786905467,0.9940298488756585,1.3740526452322843,0.35184167137619504,1.0389579069825754,0.32623686526443063,-592.9111555185902
3.2947222736617494,2.187996149531009,2.1816357786905467,0.9940298488756585,1.3740526452322843,0.35184167137619504,1.0389579069825754,0.32623686526443063,-592.9111555185902
3.2947222736617494,2.187996149531009,2.1816357786905467,0.9940298488756585,1.3740526452322843,0.35184167137619504,1.0389579069825754,0.32623686526443063,-592.9111555185902
3.2947222736617494,2.187996149531009,2.1816357786905467,0.9940298488756585,1.3740526452322843,0.35184167137619504,1.0389579069825754,0.32623686526443063,-592.9111555185902
3.2947222736617494,2.187996149531009,2.1816357786905467,0.9940298488756585,1.3740526452322843,0.35184167137619504,1.0389579069825754,0.32623686526443063,-592.9111555185902
3.2947222736617494,2.187996149531009,2.1816357786905467,0.9940298488756585,1.3740526452322843,0.35184167137619504,1.0389579069825754,0.32623686526443063,-592.9111555185902
3.2947222736617494,2.187996149531009,2.1816357786905467,0.9940298488756585,1.3740526452322843,0.35184167137619504,1.0389579069825754,0.32623686526443063,-592.9111555185902
3.2947222736617494,2.187996149531009,2.1816357786905467,0.9940298488756585,1.3740526452322843,0.35184167137619504,1.0389579069825754,0.32623686526443063,-592.9111555185902
3.2947222736617494,2.187996149531009,2.1816357786905467,0.9940298488756585,1.3740526452322843,0.35184167137619504,1.0389579069825754,0.32623686526443063,-592.9111555185902
3.2947222736617494,2.187996149531009,2.1816357786905467,0.9940298488756585,1.3740526452322843,0.35184167137619504,1.0389579069825754,0.32623686526443063,-592.9111555185902
3.2947222736617494,2.187996149531009,2.1816357786905467,0.9940298488756585,1.3740526452322843,0.35184167137619504,1.0389579069825754,0.32623686526443063,-592.9111555185902
3.2947222736617494,2.187996149531009,2.1816357786905467,0.9940298488756585,1.3740526452322843,0.35184167137619504,1.0389579069825754,0.32623686526443063,-592.9111555185902
3.2947222736617494,2.187996149531009,2.1816357786905467,0.9940298488756585,1.3740526452322843,0.35184167137619504,1.0389579069825754,0.32623686526443063,-592.9111555185902
3.2947222736617494,2.187996149531009,2.1816357786905467,0.9940298488756585,1.3740526452322843,0.35184167137619504,1.0389579069825754,0.32623686526443063,-592.9111555185902
3.2947222736617494,2.187996149531009,2.1816357786905467,0.9940298488756585,1.3740526452322843,0.35184167137619504,1.0389579069825754,0.32623686526443063,-592.9111555185902
3.2947222736617494,2.187996149531009,2.1816357786905467,0.9940298488756585,1.3740526452322843,0.35184167137619504,1.0389579069825754,0.32623686526443063,-592.9111555185902
3.2947222736617494,2.187996149531009,2.1816357786905467,0.9940298488756585,1.3740526452322843,0.35184167137619504,1.0389579069825754,0.32623686526443063,-592.9111555185902
3.2947222736617494,2.187996149531009,2.1816357786905467,0.9940298488756585,1.3740526452322843,0.35184167137619504,1.0389579069825754,0.32623686526443063,-592.9111555185902
3.2947222736617494,2.187996149531009,2.1816357786905467,0.9940298488756585,1.3740526452322843,0.35184167137619504,1.0389579069825754,0.32623686526443063,-592.9111555185902
3.2947222736617494,2.187996149531009,2.1816357786905467,0.9940298488756585,1.3740526452322843,0.35184167137619504,1.0389579069825754,0.32623686526443063,-592.9111555185902
3.2947222736617494,2.187996149531009,2.1816357786905467,0.9940298488756585,1.3740526452322843,0.35184167137619504,1.0389579069825754,0.32623686526443063,-592.9111555185902
3.2755988631140163,2.2450356065705432,2.1610663525459746,0.9981130090588155,1.4045871632385696,0.3077746108171693,1.0648311543662352,0.32294788987720574,-594.6195857447597
3.1498321781335377,2.285265712648567,2.077290360763288,0.9930896312554351,1.82877489364455,0.29786767486949023,0.9928019690498541,0.3618266978329521,-590.68474292462
3.1498321781335377,2.285265712648567,2.077290360763288,0.9930896312554351,1.82877489364455,0.29786767486949023,0.9928019690498541,0.3618266978329521,-590.68474292462
3.1498321781335377,2.285265712648567,2.077290360763288,0.9930896312554351,1.82877489364455,0.29786767486949023,0.9928019690498541,0.3618266978329521,-590.68474292462
3.1600468720155024,2.227710828342176,1.9852979077162656,0.9880163927748703,1.9758426024867597,0.347295418864602,1.0114921804569588,0.3427025886194031,-590.3991161172688
3.1600468720155024,2.227710828342176,1.9852979077162656,0.9880163927748703,1.9758426024867597,0.347295418864602,1.0114921804569588,0.3427025886194031,-590.3991161172688
3.1600468720155024,2.227710828342176,1.9852979077162656,0.9880163927748703,1.9758426024867597,0.347295418864602,1.0114921804569588,0.3427025886194031,-590.3991161172688
3.1600468720155024,2.227710828342176,1.9852979077162656,0.9880163927748703,1.9758426024867597,0.347295418864602,1.0114921804569588,0.3427025886194031,-590.3991161172688
3.1600468720155024,2.227710828342176,1.9852979077162656,0.9880163927748703,1.9758426024867597,0.347295418864602,1.0114921804569588,0.3427025886194031,-590.3991161172688
2.9962789577113056,2.2800571886983136,1.9718943632110244,0.9950334803312786,2.22003753224425,0.355463069531153,1.0468144167978701,0.3343040619147141,-591.0080539014729
2.91860002917581,2.2180703467258946,1.9404042452776784,0.9880358276415353,2.08166615889215,0.3726996011668879,1.0523279760775772,0.2905666273261719,-590.858175445326
2.91860002917581,2.2180703467258946,1.9404042452776784,0.9880358276415353,2.08166615889215,0.3726996011668879,1.0523279760775772,0.2905666273261719,-590.858175445326
2.927383669366012,2.309662612326625,1.892216990677913,0.9891656206280858,2.069078990139909,0.28842462893820603,1.0194599833052382,0.25615163366127464,-589.4032076172224
2.927383669366012,2.309662612326625,1.892216990677913,0.9891656206280858,2.069078990139909,0.28842462893820603,1.0194599833052382,0.25615163366127464,-589.4032076172224
2.927383669366012,2.309662612326625,1.892216990677913,0.9891656206280858,2.069078990139909,0.28842462893820603,1.0194599833052382,0.25615163366127464,-589.4032076172224
2.927383669366012,2.309662612326625,1.892216990677913,0.9891656206280858,2.069078990139909,0.28842462893820603,1.0194599833052382,0.25615163366127464,-589.4032076172224
2.818926604122289,2.318675880245399,1.865783503314845,0.9935918490398521,1.8125957545118438,0.3490275176626594,1.0269759999852917,0.30303569620996423,-593.1973922116259
2.818926604122289,2.318675880245399,1.865783503314845,0.9935918490398521,1.8125957545118438,0.3490275176626594,1.0269759999852917,0.30303569620996423,-593.1973922116259
2.818926604122289,2.318675880245399,1.865783503314845,0.9935918490398521,1.8125957545118438,0.3490275176626594,1.0269759999852917,0.30303569620996423,-593.1973922116259
2.818926604122289,2.318675880245399,1.865783503314845,0.9935918490398521,1.8125957545118438,0.3490275176626594,1.0269759999852917,0.30303569620996423,-593.1973922116259
2.818926604122289,2.318675880245399,1.865783503314845,0.9935918490398521,1.8125957545118438,0.3490275176626594,1.0269759999852917,0.30303569620996423,-593.1973922116259
2.74551374269218,2.375176021463062,1.8867407781403778,0.9897634891977396,2.071553350411379,0.2323030007115586,1.0320351185506056,0.2886376515329642,-592.9499844112556
2.74551374269218,2.375176021463062,1.8867407781403778,0.9897634891977396,2.071553350411379,0.2323030007115586,1.0320351185506056,0.2886376515329642,-592.9499844112556
2.809775657848579,2.3179696774043723,1.820139521717082,0.9838254789549952,2.127130632167184,0.20419851393904784,1.043698603569955,0.27011915194074376,-593.1964613029678
2.809775657848579,2.3179696774043723,1.820139521717082,0.9838254789549952,2.127130632167184,0.20419851393904784,1.043698603569955,0.27011915194074376,-593.1964613029678
2.809775657848579,2.3179696774043723,1.820139521717082,0.9838254789549952,2.127130632167184,0.20419851393904784,1.043698603569955,0.27011915194074376,-593.1964613029678
2.809775657848579,2.3179696774043723,1.820139521717082,0.9838254789549952,2.127130632167184,0.20419851393904784,1.043698603569955,0.27011915194074376,-593.1964613029678
2.975162446904774,2.4825729236016465,1.8265317388579678,0.9866043826613513,1.8625203956586538,0.19270068215604894,1.035417517782088,0.2580839443456975,-592.7541044877063
2.975162446904774,2.4825729236016465,1.8265317388579678,0.9866043826613513,1.8625203956586538,0.19270068215604894,1.035417517782088,0.2580839443456975,-592.7541044877063
2.975162446904774,2.4825729236016465,1.8265317388579678,0.9866043826613513,1.8625203956586538,0.19270068215604894,1.035417517782088,0.2580839443456975,-592.7541044877063
2.8780686014537835,2.533990154291082,1.8714536103897,0.981126059031872,2.1245044290640283,0.1584679561343571,1.035995426413253,0.235293191386004,-593.8042501361184
3.111590012527147,2.395531321558912,1.8825167713542375,0.9768567943103109,1.843047314341682,0.14987013430105822,1.0234273060620505,0.25536751016869025,-594.5794973714552
2.780143247985731,2.387172895769535,1.7618434835975156,0.9818840301765954,1.8715307165523802,0.1547848302840398,1.0026475248825373,0.24196559840884224,-596.6645557165522
3.0103706018111542,2.3398250496701793,1.6769211317381885,0.9804096584233092,1.6705492108142312,0.22562627269083252,1.018004834652858,0.22840766899428616,-595.0555564148589
3.0103706018111542,2.3398250496701793,1.6769211317381885,0.9804096584233092,1.6705492108142312,0.22562627269083252,1.018004834652858,0.22840766899428616,-595.0555564148589
2.802535608536309,2.410942838483408,1.6776605547000778,0.974272606055978,2.26258218356979,0.2472873194338207,1.0023368168141522,0.19154737028150287,-593.9750033106723
2.802535608536309,2.410942838483408,1.6776605547000778,0.974272606055978,2.26258218356979,0.2472873194338207,1.0023368168141522,0.19154737028150287,-593.9750033106723
2.83400522502551,2.2404102160366013,1.7370098750835734,0.9771929372457825,2.5450565118976423,0.20218911724568853,0.9906786808934752,0.18357371738070377,-591.8961967189633
2.83400522502551,2.2404102160366013,1.7370098750835734,0.9771929372457825,2.5450565118976423,0.20218911724568853,0.9906786808934752,0.18357371738070377,-591.8961967189633
2.83400522502551,2.2404102160366013,1.7370098750835734,0.9771929372457825,2.5450565118976423,0.20218911724568853,0.9906786808934752,0.18357371738070377,-591.8961967189633
2.83400522502551,2.2404102160366013,1.7370098750835734,0.9771929372457825,2.5450565118976423,0.20218911724568853,0.9906786808934752,0.18357371738070377,-591.8961967189633
2.83400522502551,2.2404102160366013,1.7370098750835734,0.9771929372457825,2.5450565118976423,0.20218911724568853,0.9906786808934752,0.18357371738070377,-591.8961967189633
2.83400522502551,2.2404102160366013,1.7370098750835734,0.9771929372457825,2.5450565118976423,0.20218911724568853,0.9906786808934752,0.18357371738070377,-591.8961967189633
2.83400522502551,2.2404102160366013,1.7370098750835734,0.9771929372457825,2.5450565118976423,0.20218911724568853,0.9906786808934752,0.18357371738070377,-591.8961967189633
2.83400522502551,2.2404102160366013,1.7370098750835734,0.9771929372457825,2.5450565118976423,0.20218911724568853,0.9906786808934752,0.18357371738070377,-591.8961967189633
2.83400522502551,2.2404102160366013,1.7370098750835734,0.9771929372457825,2.5450565118976423,0.20218911724568853,0.9906786808934752,0.18357371738070377,-591.8961967189633
2.83400522502551,2.2404102160366013,1.7370098750835734,0.9771929372457825,2.5450565118976423,0.20218911724568853,0.9906786808934752,0.18357371738070377,-591.8961967189633
2.83400522502551,2.2404102160366013,1.7370098750835734,0.9771929372457825,2.5450565118976423,0.20218911724568853,0.9906786808934752,0.18357371738070377,-591.8961967189633
2.83400522502551,2.2404102160366013,1.7370098750835734,0.9771929372457825,2.5450565118976423,0.20218911724568853,0.9906786808934752,0.18357371738070377,-591.8961967189633
3.161450546080936,2.1341934781598138,1.8251379245890031,0.9756653406964834,1.9595917796889308,0.27166167111716366,0.984530365536275,0.1826970545408226,-591.2950889050051
3.161450546080936,2.1341934781598138,1.8251379245890031,0.9756653406964834,1.9595917796889308,0.27166167111716366,0.984530365536275,0.1826970545408226,-591.2950889050051
3.161450546080936,2.1341934781598138,1.8251379245890031,0.9756653406964834,1.9595917796889308,0.27166167111716366,0.984530365536275,0.1826970545408226,-591.2950889050051
3.161450546080936,2.1341934781598138,1.8251379245890031,0.9756653406964834,1.9595917796889308,0.27166167111716366,0.984530365536275,0.1826970545408226,-591.2950889050051
3.161450546080936,2.1341934781598138,1.8251379245890031,0.9756653406964834,1.9595917796889308,0.27166167111716366,0.984530365536275,0.1826970545408226,-591.2950889050051
3.161450546080936,2.1341934781598138,1.8251379245890031,0.9756653406964834,1.9595917796889308,0.27166167111716366,0.984530365536275,0.1826970545408226,-591.2950889050051
3.161450546080936,2.1341934781598138,1.8251379245890031,0.9756653406964834,1.9595917796889308,0.27166167111716366,0.984530365536275,0.1826970545408226,-591.2950889050051
3.161450546080936,2.1341934781598138,1.8251379245890031,0.9756653406964834,1.9595917796889308,0.27166167111716366,0.984530365536275,0.1826970545408226,-591.2950889050051
3.161450546080936,2.1341934781598138,1.8251379245890031,0.9756653406964834,1.9595917796889308,0.27166167111716366,0.984530365536275,0.1826970545408226,-591.2950889050051
3.161450546080936,2.1341934781598138,1.8251379245890031,0.9756653406964834,1.9595917796889308,0.27166167111716366,0.984530365536275,0.1826970545408226,-591.2950889050051
3.161450546080936,2.1341934781598138,1.8251379245890031,0.9756653406964834,1.9595917796889308,0.27166167111716366,0.984530365536275,0.1826970545408226,-591.2950889050051
3.161450546080936,2.1341934781598138,1.8251379245890031,0.9756653406964834,1.9595917796889308,0.27166167111716366,0.984530365536275,0.1826970545408226,-591.2950889050051
3.161450546080936,2.1341934781598138,1.8251379245890031,0.9756653406964834,1.9595917796889308,0.27166167111716366,0.984530365536275,0.1826970545408226,-591.2950889050051
3.2874010074953377,2.323067627556509,1.7386788742604136,0.980333999954288,2.0613965852258413,0.23120016662144582,1.0132137116529425,0.16159280343125312,-589.8626105351937
3.2874010074953377,2.323067627556509,1.7386788742604136,0.980333999954288,2.0613965852258413,0.23120016662144582,1.0132137116529425,0.16159280343125312,-589.8626105351937
3.2874010074953377,2.323067627556509,1.7386788742604136,0.980333999954288,2.0613965852258413,0.23120016662144582,1.0132137116529425,0.16159280343125312,-589.8626105351937
3.2874010074953377,2.323067627556509,1.7386788742604136,0.980333999954288,2.0613965852258413,0.23120016662144582,1.0132137116529425,0.16159280343125312,-589.8626105351937
3.2874010074953377,2.323067627556509,1.7386788742604136,0.980333999954288,2.0613965852258413,0.23120016662144582,1.0132137116529425,0.16159280343125312,-589.8626105351937
3.2874010074953377,2.323067627556509,1.7386788742604136,0.980333999954288,2.0613965852258413,0.23120016662144582,1.0132137116529425,0.16159280343125312,-589.8626105351937
3.160689475126676,2.2197728828467804,1.6679730781026814,0.9835526002533325,2.5100413409850075,0.21734121949796403,1.0470745226512266,0.11922738997733343,-590.0160142403639
3.160689475126676,2.2197728828467804,1.6679730781026814,0.9835526002533325,2.5100413409850075,0.21734121949796403,1.0470745226512266,0.11922738997733343,-590.0160142403639
2.9835069353553667,2.1014264854975444,1.7010286908817325,0.9892570209826788,2.620560415724087,0.15856658625629383,1.029455958292908,0.16203730382371803,-590.4972528419937
2.9835069353553667,2.1014264854975444,1.7010286908817325,0.9892570209826788,2.620560415724087,0.15856658625629383,1.029455958292908,0.16203730382371803,-590.4972528419937
2.9835069353553667,2.1014264854975444,1.7010286908817325,0.9892570209826788,2.620560415724087,0.15856658625629383,1.029455958292908,0.16203730382371803,-590.4972528419937
3.4908007698219206,1.9685072275677609,1.69353370214306,0.9909940907664561,2.2945516034744644,0.20387263366771302,1.0419502397123077,0.16247981125585703,-591.2655474305369
3.5317632687526745,1.9811323499938227,1.7020723148583918,0.991332739519405,2.837631899668633,0.2627190064736016,1.0229416290461655,0.1499203554458022,-591.059140739264
3.5317632687526745,1.9811323499938227,1.7020723148583918,0.991332739519405,2.837631899668633,0.2627190064736016,1.0229416290461655,0.1499203554458022,-591.059140739264
3.5317632687526745,1.9811323499938227,1.7020723148583918,0.991332739519405,2.837631899668633,0.2627190064736016,1.0229416290461655,0.1499203554458022,-591.059140739264
3.5317632687526745,1.9811323499938227,1.7020723148583918,0.991332739519405,2.837631899668633,0.2627190064736016,1.0229416290461655,0.1499203554458022,-591.059140739264
3.4926368257502487,2.1388368097175827,1.7283874030875501,0.9864480462782559,2.5570219358440056,0.2711728717293238,1.0434938947017371,0.1455607215627498,-589.2548586808082
3.4926368257502487,2.1388368097175827,1.7283874030875501,0.9864480462782559,2.5570219358440056,0.2711728717293238,1.0434938947017371,0.1455607215627498,-589.2548586808082
3.531536195843616,2.3538271866589358,1.6216331475961498,0.988479623074114,2.843570436265277,0.2831885533008647,1.0385347447894582,0.12488897902812174,-590.4913179441266
3.531536195843616,2.3538271866589358,1.6216331475961498,0.988479623074114,2.843570436265277,0.2831885533008647,1.0385347447894582,0.12488897902812174,-590.4913179441266
3.279212207250436,2.4021327222650917,1.654945418183457,0.9895578904359107,2.974326954866725,0.22452812019535437,1.0045111683550916,0.13711565223714414,-589.1963916301592
3.279212207250436,2.4021327222650917,1.654945418183457,0.9895578904359107,2.974326954866725,0.22452812019535437,1.0045111683550916,0.13711565223714414,-589.1963916301592
3.2721441690316486,2.4436776266769,1.6648941343957573,0.9896815565876965,2.7343764413907055,0.24956766334019062,1.011734566611512,0.11859993824430914,-588.9115569384226
3.2721441690316486,2.4436776266769,1.6648941343957573,0.9896815565876965,2.7343764413907055,0.24956766334019062,1.011734566611512,0.11859993824430914,-588.9115569384226
3.2721441690316486,2.4436776266769,1.6648941343957573,0.9896815565876965,2.7343764413907055,0.24956766334019062,1.011734566611512,0.11859993824430914,-588.9115569384226
3.2721441690316486,2.4436776266769,1.6648941343957573,0.9896815565876965,2.7343764413907055,0.24956766334019062,1.011734566611512,0.11859993824430914,-588.9115569384226
3.2721441690316486,2.4436776266769,1.6648941343957573,0.9896815565876965,2.7343764413907055,0.24956766334019062,1.011734566611512,0.11859993824430914,-588.9115569384226
3.083574091433597,2.3419990312329557,1.6695918436362627,0.9865252146779903,2.5149889020178775,0.27454278000778726,1.0202967273001293,0.15625025958568367,-588.4932509982752
3.083574091433597,2.3419990312329557,1.6695918436362627,0.9865252146779903,2.5149889020178775,0.27454278000778726,1.0202967273001293,0.15625025958568367,-588.4932509982752
3.083574091433597,2.3419990312329557,1.6695918436362627,0.9865252146779903,2.5149889020178775,0.27454278000778726,1.0202967273001293,0.15625025958568367,-588.4932509982752
3.083574091433597,2.3419990312329557,1.6695918436362627,0.9865252146779903,2.5149889020178775,0.27454278000778726,1.0202967273001293,0.15625025958568367,-588.4932509982752
3.083574091433597,2.3419990312329557,1.6695918436362627,0.9865252146779903,2.5149889020178775,0.27454278000778726,1.0202967273001293,0.15625025958568367,-588.4932509982752
3.083574091433597,2.3419990312329557,1.6695918436362627,0.9865252146779903,2.5149889020178775,0.27454278000778726,1.0202967273001293,0.15625025958568367,-588.4932509982752
3.083574091433597,2.3419990312329557,1.6695918436362627,0.9865252146779903,2.5149889020178775,0.27454278000778726,1.0202967273001293,0.15625025958568367,-588.4932509982752
3.083574091433597,2.3419990312329557,1.6695918436362627,0.9865252146779903,2.5149889020178775,0.27454278000778726,1.0202967273001293,0.15625025958568367,-588.4932509982752
3.083574091433597,2.3419990312329557,1.6695918436362627,0.9865252146779903,2.5149889020178775,0.27454278000778726,1.0202967273001293,0.15625025958568367,-588.4932509982752
3.083574091433597,2.3419990312329557,1.6695918436362627,0.9865252146779903,2.5149889020178775,0.27454278000778726,1.0202967273001293,0.15625025958568367,-588.4932509982752
3.083574091433597,2.3419990312329557,1.6695918436362627,0.9865252146779903,2.5149889020178775,0.27454278000778726,1.0202967273001293,0.15625025958568367,-588.4932509982752
3.083574091433597,2.3419990312329557,1.6695918436362627,0.9865252146779903,2.5149889020178775,0.27454278000778726,1.0202967273001293,0.15625025958568367,-588.4932509982752
3.083574091433597,2.3419990312329557,1.6695918436362627,0.9865252146779903,2.5149889020178775,0.27454278000778726,1.0202967273001293,0.15625025958568367,-588.4932509982752
3.083574091433597,2.3419990312329557,1.6695918436362627,0.9865252146779903,2.5149889020178775,0.27454278000778726,1.0202967273001293,0.15625025958568367,-588.4932509982752
3.083574091433597,2.3419990312329557,1.6695918436362627,0.9865252146779903,2.5149889020178775,0.27454278000778726,1.0202967273001293,0.15625025958568367,-588.4932509982752
3.143478112390843,2.2004042223815112,1.843757567301818,0.9852348980426368,2.6109051762647466,0.26671051032098797,1.041374608868281,0.17089638921327424,-588.1968560183199
3.143478112390843,2.2004042223815112,1.843757567301818,0.9852348980426368,2.6109051762647466,0.26671051032098797,1.041374608868281,0.17089638921327424,-588.1968560183199
3.143478112390843,2.2004042223815112,1.843757567301818,0.9852348980426368,2.6109051762647466,0.26671051032098797,1.041374608868281,0.17089638921327424,-588.1968560183199
3.180466354146909,2.4082415384131597,1.9904236781433429,0.9890722005466035,2.7140174822516134,0.2769097615280153,1.0911427739540176,0.1331119322916916,-589.095182217106
3.180466354146909,2.4082415384131597,1.9904236781433429,0.9890722005466035,2.7140174822516134,0.2769097615280153,1.0911427739540176,0.1331119322916916,-589.095182217106
3.180466354146909,2.4082415384131597,1.9904236781433429,0.9890722005466035,2.7140174822516134,0.2769097615280153,1.0911427739540176,0.1331119322916916,-589.095182217106
3.1390693333039326,2.718584497301003,2.002862784829466,0.9920356013647508,2.7114295191504643,0.22535726055544764,1.0291990845222836,0.13415472193783062,-590.8856998909872
3.1390693333039326,2.718584497301003,2.002862784829466,0.9920356013647508,2.7114295191504643,0.22535726055544764,1.0291990845222836,0.13415472193783062,-590.8856998909872
3.1390693333039326,2.718584497301003,2.002862784829466,0.9920356013647508,2.7114295191504643,0.22535726055544764,1.0291990845222836,0.13415472193783062,-590.8856998909872
3.1390693333039326,2.718584497301003,2.002862784829466,0.9920356013647508,2.7114295191504643,0.22535726055544764,1.0291990845222836,0.13415472193783062,-590.8856998909872
3.1390693333039326,2.718584497301003,2.002862784829466,0.9920356013647508,2.7114295191504643,0.22535726055544764,1.0291990845222836,0.13415472193783062,-590.8856998909872
3.1390693333039326,2.718584497301003,2.002862784829466,0.9920356013647508,2.7114295191504643,0.22535726055544764,1.0291990845222836,0.13415472193783062,-590.8856998909872
3.2484410882420454,2.665545286340607,1.8794640960912854,0.9919585498688991,3.0027035901166554,0.2815825303657592,1.056521216097462,0.125563960272051,-590.4567459374147
3.2484410882420454,2.665545286340607,1.8794640960912854,0.9919585498688991,3.0027035901166554,0.2815825303657592,1.056521216097462,0.125563960272051,-590.4567459374147
3.2484410882420454,2.665545286340607,1.8794640960912854,0.9919585498688991,3.0027035901166554,0.2815825303657592,1.056521216097462,0.125563960272051,-590.4567459374147
3.2484410882420454,2.665545286340607,1.8794640960912854,0.9919585498688991,3.0027035901166554,0.2815825303657592,1.056521216097462,0.125563960272051,-590.4567459374147
3.083854158097206,2.661318536901791,1.9255071788194702,0.997060238347464,3.018539118163687,0.2962976132547952,1.036544095404062,0.08854281912509118,-592.4856121038094
3.083854158097206,2.661318536901791,1.9255071788194702,0.997060238347464,3.018539118163687,0.2962976132547952,1.036544095404062,0.08854281912509118,-592.4856121038094
3.083854158097206,2.661318536901791,1.9255071788194702,0.997060238347464,3.018539118163687,0.2962976132547952,1.036544095404062,0.08854281912509118,-592.4856121038094
3.083854158097206,2.661318536901791,1.9255071788194702,0.997060238347464,3.018539118163687,0.2962976132547952,1.036544095404062,0.08854281912509118,-592.4856121038094
3.1041929523211684,2.4698320098571465,1.730258646230406,0.9963714630621232,2.6990657556459197,0.35094830383317865,1.0173659038444356,0.06096732278263055,-591.6672471117479
3.1041929523211684,2.4698320098571465,1.730258646230406,0.9963714630621232,2.6990657556459197,0.35094830383317865,1.0173659038444356,0.06096732278263055,-591.6672471117479
3.1041929523211684,2.4698320098571465,1.730258646230406,0.9963714630621232,2.6990657556459197,0.35094830383317865,1.0173659038444356,0.06096732278263055,-591.6672471117479
3.4832398626818155,2.3862765031756887,1.7885450742793867,0.9953178206290215,2.1667853367096925,0.4537399241970836,1.064724670921236,0.11241475696080443,-589.8607587037407
3.4832398626818155,2.3862765031756887,1.7885450742793867,0.9953178206290215,2.1667853367096925,0.4537399241970836,1.064724670921236,0.11241475696080443,-589.8607587037407
3.4832398626818155,2.3862765031756887,1.7885450742793867,0.9953178206290215,2.1667853367096925,0.4537399241970836,1.064724670921236,0.11241475696080443,-589.8607587037407
3.4832398626818155,2.3862765031756887,1.7885450742793867,0.9953178206290215,2.1667853367096925,0.4537399241970836,1.064724670921236,0.11241475696080443,-589.8607587037407
3.504387586407596,2.502658319795542,1.7668820479023586,0.99102271270289,1.9830255849489218,0.4628240301835269,1.1100185853003026,0.10170964006450431,-590.674472525312
3.504387586407596,2.502658319795542,1.7668820479023586,0.99102271270289,1.9830255849489218,0.4628240301835269,1.1100185853003026,0.10170964006450431,-590.674472525312
3.504387586407596,2.502658319795542,1.7668820479023586,0.99102271270289,1.9830255849489218,0.4628240301835269,1.1100185853003026,0.10170964006450431,-590.674472525312
3.344678372554987,2.345968083952754,1.8675720516719787,0.9951812601031909,2.256683585838473,0.4731320774671065,1.095851375672269,0.0977516307469787,-590.7602599613465
3.344678372554987,2.345968083952754,1.8675720516719787,0.9951812601031909,2.256683585838473,0.4731320774671065,1.095851375672269,0.0977516307469787,-590.7602599613465
3.344678372554987,2.345968083952754,1.8675720516719787,0.9951812601031909,2.256683585838473,0.4731320774671065,1.095851375672269,0.0977516307469787,-590.7602599613465
3.344678372554987,2.345968083952754,1.8675720516719787,0.9951812601031909,2.256683585838473,0.4731320774671065,1.095851375672269,0.0977516307469787,-590.7602599613465
3.344678372554987,2.345968083952754,1.8675720516719787,0.9951812601031909,2.256683585838473,0.4731320774671065,1.095851375672269,0.0977516307469787,-590.7602599613465
3.229532153064503,2.264632258019732,1.822021094740427,0.9981583909952524,2.244661974794493,0.4813665845908174,1.0862481524323895,0.1474341366740331,-591.5355104786669
3.229532153064503,2.264632258019732,1.822021094740427,0.9981583909952524,2.244661974794493,0.4813665845908174,1.0862481524323895,0.1474341366740331,-591.5355104786669
3.229532153064503,2.264632258019732,1.822021094740427,0.9981583909952524,2.244661974794493,0.4813665845908174,1.0862481524323895,0.1474341366740331,-591.5355104786669
3.229532153064503,2.264632258019732,1.822021094740427,0.9981583909952524,2.244661974794493,0.4813665845908174,1.0862481524323895,0.1474341366740331,-591.5355104786669
3.229532153064503,2.264632258019732,1.822021094740427,0.9981583909952524,2.244661974794493,0.4813665845908174,1.0862481524323895,0.1474341366740331,-591.5355104786669
3.229532153064503,2.264632258019732,1.822021094740427,0.9981583909952524,2.244661974794493,0.4813665845908174,1.0862481524323895,0.1474341366740331,-591.5355104786669
3.273825935596147,2.2774121771884066,1.8424795787005528,0.9960822523334534,2.3210938507549095,0.4513403518302098,1.0549095527020547,0.14465209743514315,-589.3304629818452
3.273825935596147,2.2774121771884066,1.8424795787005528,0.9960822523334534,2.3210938507549095,0.4513403518302098,1.0549095527020547,0.14465209743514315,-589.3304629818452
3.273825935596147,2.2774121771884066,1.8424795787005528,0.9960822523334534,2.3210938507549095,0.4513403518302098,1.0549095527020547,0.14465209743514315,-589.3304629818452
3.273825935596147,2.2774121771884066,1.8424795787005528,0.9960822523334534,2.3210938507549095,0.4513403518302098,1.0549095527020547,0.14465209743514315,-589.3304629818452
3.618645697717151,2.2708130327574567,1.9751686530977801,0.9917297622441636,1.7706388041937262,0.48964558286485554,1.0765971492996849,0.19575612520302876,-589.4719298234012
3.618645697717151,2.2708130327574567,1.9751686530977801,0.9917297622441636,1.7706388041937262,0.48964558286485554,1.0765971492996849,0.19575612520302876,-589.4719298234012
3.618645697717151,2.2708130327574567,1.9751686530977801,0.9917297622441636,1.7706388041937262,0.48964558286485554,1.0765971492996849,0.19575612520302876,-589.4719298234012
3.618645697717151,2.2708130327574567,1.9751686530977801,0.9917297622441636,1.7706388041937262,0.48964558286485554,1.0765971492996849,0.19575612520302876,-589.4719298234012
3.4517310358222115,2.2307665627364237,1.947049490042645,0.9894029404495241,2.1060519728413913,0.453981165162885,1.0708622423611511,0.179040616949837,-589.0966082343234
3.189041265952478,2.244376764587501,1.8630254933682422,0.992351063931922,2.2186548054492867,0.3609153785586117,1.0272530850509,0.17137754438151603,-587.1748892984043
3.189041265952478,2.244376764587501,1.8630254933682422,0.992351063931922,2.2186548054492867,0.3609153785586117,1.0272530850509,0.17137754438151603,-587.1748892984043
3.189041265952478,2.244376764587501,1.8630254933682422,0.992351063931922,2.2186548054492867,0.3609153785586117,1.0272530850509,0.17137754438151603,-587.1748892984043
3.189041265952478,2.244376764587501,1.8630254933682422,0.992351063931922,2.2186548054492867,0.3609153785586117,1.0272530850509,0.17137754438151603,-587.1748892984043
3.189041265952478,2.244376764587501,1.8630254933682422,0.992351063931922,2.2186548054492867,0.3609153785586117,1.0272530850509,0.17137754438151603,-587.1748892984043
3.189041265952478,2.244376764587501,1.8630254933682422,0.992351063931922,2.2186548054492867,0.3609153785586117,1.0272530850509,0.17137754438151603,-587.1748892984043
3.189041265952478,2.244376764587501,1.8630254933682422,0.992351063931922,2.2186548054492867,0.3609153785586117,1.0272530850509,0.17137754438151603,-587.1748892984043
3.189041265952478,2.244376764587501,1.8630254933682422,0.992351063931922,2.2186548054492867,0.3609153785586117,1.0272530850509,0.17137754438151603,-587.1748892984043
3.189041265952478,2.244376764587501,1.8630254933682422,0.992351063931922,2.2186548054492867,0.3609153785586117,1.0272530850509,0.17137754438151603,-587.1748892984043
3.311543124866723,2.2736444179559943,2.002680178920201,0.9922271482822168,1.7892418386292415,0.3512187319636998,1.0935877500015125,0.220558615758991,-588.2272144618645
3.311543124866723,2.2736444179559943,2.002680178920201,0.9922271482822168,1.7892418386292415,0.3512187319636998,1.0935877500015125,0.220558615758991,-588.2272144618645
3.311543124866723,2.2736444179559943,2.002680178920201,0.9922271482822168,1.7892418386292415,0.3512187319636998,1.0935877500015125,0.220558615758991,-588.2272144618645
3.4448508589193754,2.2222538179993503,1.9939826170328134,0.9938057538830041,1.5968316061185248,0.4351632997334506,1.0688937442954731,0.2229586717051792,-589.021161088217
3.4448508589193754,2.2222538179993503,1.9939826170328134,0.9938057538830041,1.5968316061185248,0.4351632997334506,1.0688937442954731,0.2229586717051792,-589.021161088217
3.4448508589193754,2.2222538179993503,1.9939826170328134,0.9938057538830041,1.5968316061185248,0.4351632997334506,1.0688937442954731,0.2229586717051792,-589.021161088217
3.4448508589193754,2.2222538179993503,1.9939826170328134,0.9938057538830041,1.5968316061185248,0.4351632997334506,1.0688937442954731,0.2229586717051792,-589.021161088217
3.1796360178917715,2.3663049026038396,2.035801113160773,0.9926651853196645,1.951235791553407,0.3280648002912263,1.0795502630997653,0.21501367581084227,-588.3050826229296
3.1796360178917715,2.3663049026038396,2.035801113160773,0.9926651853196645,1.951235791553407,0.3280648002912263,1.0795502630997653,0.21501367581084227,-588.3050826229296
3.1796360178917715,2.3663049026038396,2.035801113160773,0.9926651853196645,1.951235791553407,0.3280648002912263,1.0795502630997653,0.21501367581084227,-588.3050826229296
3.441842920809063,2.411304661238764,1.8385943342151263,0.9924740469424952,1.421723101071273,0.3888129169613605,1.017513369720204,0.2310101896099848,-589.849908872046
3.441842920809063,2.411304661238764,1.8385943342151263,0.9924740469424952,1.421723101071273,0.3888129169613605,1.017513369720204,0.2310101896099848,-589.849908872046
3.441842920809063,2.411304661238764,1.8385943342151263,0.9924740469424952,1.421723101071273,0.3888129169613605,1.017513369720204,0.2310101896099848,-589.849908872046
3.441842920809063,2.411304661238764,1.8385943342151263,0.9924740469424952,1.421723101071273,0.3888129169613605,1.017513369720204,0.2310101896099848,-589.849908872046
3.441842920809063,2.411304661238764,1.8385943342151263,0.9924740469424952,1.421723101071273,0.3888129169613605,1.017513369720204,0.2310101896099848,-589.849908872046
3.441842920809063,2.411304661238764,1.8385943342151263,0.9924740469424952,1.421723101071273,0.3888129169613605,1.017513369720204,0.2310101896099848,-589.849908872046
3.441842920809063,2.411304661238764,1.8385943342151263,0.9924740469424952,1.421723101071273,0.3888129169613605,1.017513369720204,0.2310101896099848,-589.849908872046
3.441842920809063,2.411304661238764,1.8385943342151263,0.9924740469424952,1.421723101071273,0.3888129169613605,1.017513369720204,0.2310101896099848,-589.849908872046
3.387422018543315,2.2765664935622287,1.8800270123664937,0.9934808986099505,1.730322826362644,0.33945013821113984,1.0192014560861593,0.2199696964252369,-587.6468250294423
3.485800698746202,2.3052588926481272,1.8658804343599402,0.9949865071877277,1.8382212291586204,0.31231473465358217,1.1122472188397399,0.22103859053104788,-588.5669768684862
3.485800698746202,2.3052588926481272,1.8658804343599402,0.9949865071877277,1.8382212291586204,0.31231473465358217,1.1122472188397399,0.22103859053104788,-588.5669768684862
3.485800698746202,2.3052588926481272,1.8658804343599402,0.9949865071877277,1.8382212291586204,0.31231473465358217,1.1122472188397399,0.22103859053104788,-588.5669768684862
3.485800698746202,2.3052588926481272,1.8658804343599402,0.9949865071877277,1.8382212291586204,0.31231473465358217,1.1122472188397399,0.22103859053104788,-588.5669768684862
